date,year,title,link,similarity,pessimism_raw,pessimism_clean,CAR,ABS_CAR,MRO,DELTA_MRO,INFLATION,OUTPUT_GAP,log_similarity,interaction_raw,interaction_clean
1999-01-07,1999,ECB Press conference: Introductory statement,/press/press_conference/monetary-policy-statement/1999/html/is990107.en.html,0.04664391353811149,0.42643923240938164,-0.10660980810234541,0.005156211506570927,0.5156211506570927,3.0,0.0,0.8660303994344254,-0.5279148686215152,-3.0652128309808693,-1.3071270068148695,0.32678175170371737
1999-02-04,1999,ECB Press conference: Introductory statement,/press/press_conference/monetary-policy-statement/1999/html/is990204.en.html,0.12452830188679245,1.4884979702300407,1.8944519621109608,-0.03090629490948754,3.0906294909487544,3.0,0.0,0.8284858099770975,-0.5975426422747768,-2.083222264519742,-3.1008721122756646,-3.9465645065326638
1999-03-04,1999,ECB Press conference: Introductory statement,/press/press_conference/monetary-policy-statement/1999/html/is990304.en.html,0.15441783649876134,0.9626955475330927,1.203369434416366,-0.014666642130255855,1.4666642130255856,3.0,0.0,1.0211267605633845,-0.6671704159280386,-1.8680931266985057,-1.798404935449825,-2.2480061693122813
1999-04-08,1999,ECB Press conference: Introductory statement,/press/press_conference/monetary-policy-statement/1999/html/is990408.en.html,0.09438775510204081,-0.3294892915980231,0.3294892915980231,0.029722529234949384,2.9722529234949384,3.0,-0.5,1.1415525114155445,-0.7367981895813003,-2.3603439271462383,0.7777080484831099,-0.7777080484831099
1999-05-06,1999,ECB Press conference: Introductory statement,/press/press_conference/monetary-policy-statement/1999/html/is990506.en.html,0.09820485744456177,0.1869158878504673,-0.1869158878504673,-0.017957772912363824,1.7957772912363823,2.5,0.0,0.9989484752891631,-0.5238564179128602,-2.3206996000328224,-0.4337756261743594,0.4337756261743594
1999-06-02,1999,ECB Press conference: Introductory statement,/press/press_conference/monetary-policy-statement/1999/html/is990602.en.html,0.13260869565217392,0.49586776859504134,-0.6611570247933884,0.025110457253050184,2.5110457253050185,2.5,0.0,0.9283587318269282,-0.3109146462444201,-2.020352625309829,-1.0018277480875186,1.3357703307833582
1999-07-15,1999,ECB Press conference: Introductory statement,/press/press_conference/monetary-policy-statement/1999/html/is990715.en.html,0.0975428145941921,-0.19743336623889435,-0.9871668311944718,-0.04946988611716219,4.946988611716218,2.5,0.0,1.0860045542126384,-0.09797287457598003,-2.327463873322086,0.45951902730939503,2.2975951365469753
1999-09-09,1999,ECB Press conference: Introductory statement,/press/press_conference/monetary-policy-statement/1999/html/is990909.en.html,0.08703170028818444,-1.6113744075829384,-1.9905213270142181,-0.019833094445102988,1.9833094445102988,2.5,0.0,1.2961989840602373,0.16671991539123354,-2.441482855566035,3.9341429900116203,4.859823693543767
1999-10-07,1999,ECB Press conference: Introductory statement,/press/press_conference/monetary-policy-statement/1999/html/is991007.en.html,0.10872395833333333,-0.6195786864931847,-0.9913258983890955,-0.009094075130025022,0.9094075130025022,2.5,0.0,1.3665031534688232,0.2990663103748403,-2.2189431012908623,1.3748098521009062,2.19969576336145
1999-11-04,1999,ECB Press conference: Introductory statement,/press/press_conference/monetary-policy-statement/1999/html/is991104.en.html,0.09854604200323101,-0.5788712011577424,-1.0130246020260492,0.07504382647665876,7.504382647665876,2.5,0.5,1.5066573230553493,0.5055715174732356,-2.317231408511285,1.3413785288053746,2.3474124254094058
1999-12-02,1999,ECB Press conference: Introductory statement,/press/press_conference/monetary-policy-statement/1999/html/is991202.en.html,0.08234362628661916,-0.7168458781362007,-0.8363201911589008,0.04912476333239987,4.9124763332399874,3.0,0.0,1.821047102083706,0.7120767245716308,-2.4968542232091187,1.789859658214422,2.0881696012501587
2000-01-05,2000,ECB Press conference: Introductory statement,/press/press_conference/monetary-policy-statement/2000/html/is000105.en.html,0.10508474576271186,-1.155115511551155,-2.145214521452145,-0.03587717911658343,3.587717911658343,3.0,0.0,1.927457508323105,0.9185819316700261,-2.2529881518546735,2.602461561548303,4.833142900018276
2000-02-03,2000,ECB Press conference: Introductory statement,/press/press_conference/monetary-policy-statement/2000/html/is000203.en.html,0.10069101678183613,-3.821656050955414,-3.821656050955414,0.07922816836572784,7.922816836572784,3.0,0.25,2.027972027972025,1.012325329658026,-2.295698690964412,8.77337079349457,8.77337079349457
2000-03-02,2000,ECB Press conference: Introductory statement,/press/press_conference/monetary-policy-statement/2000/html/is000302.en.html,0.1174812030075188,-1.5759312320916905,-1.5759312320916905,0.03613788033143928,3.6137880331439285,3.25,0.0,2.073893342628086,1.1060687276460257,-2.1414769325992884,3.3748203808871304,3.3748203808871304
2000-04-13,2000,ECB Press conference: Introductory statement,/press/press_conference/monetary-policy-statement/2000/html/is000413.en.html,0.10446503791069923,-3.4666666666666663,-3.2,-0.00281410614304016,0.281410614304016,3.5,0.0,1.7885049487758264,1.1998121256340255,-2.258902829004631,7.830863140549387,7.22848905281482
2000-05-11,2000,ECB Press conference: Introductory statement,/press/press_conference/monetary-policy-statement/2000/html/is000511.en.html,0.11377870563674322,-3.9627039627039626,-4.662004662004662,-0.031760240748501964,3.176024074850196,3.75,0.0,1.8566718722887288,1.220706102318303,-2.173499895741717,8.612936649792351,10.13286664681453
2000-06-08,2000,ECB Press conference: Introductory statement,/press/press_conference/monetary-policy-statement/2000/html/is000608.en.html,0.06,2.7027027027027026,0.0,0.007290550226679592,0.7290550226679592,3.75,0.5,2.221450885109344,1.2416000790025805,-2.8134107167600364,-7.603812748000098,-0.0
2000-07-06,2000,ECB Press conference: Introductory statement,/press/press_conference/monetary-policy-statement/2000/html/is000706.en.html,0.03904923599320883,-0.9630818619582664,-1.7656500802568218,-0.002004248410928021,0.2004248410928021,4.25,0.0,2.1486744065153385,1.262494055686858,-3.242931967722437,3.1232089576781092,5.725883089076533
2000-09-14,2000,ECB Press conference: Introductory statement,/press/press_conference/monetary-policy-statement/2000/html/is000914.en.html,0.14025974025974025,-0.24183796856106407,-0.7255139056831923,-0.08736310660586467,8.736310660586467,4.5,0.0,2.4727650008645963,1.188264080036916,-1.9642592877235099,0.47503247587025627,1.425097427610769
2000-10-05,2000,ECB Press conference: Introductory statement,/press/press_conference/monetary-policy-statement/2000/html/is001005.en.html,0.030913978494623656,3.125,0.0,-0.0592621330923192,5.926213309231921,4.5,0.25,2.471482889733845,1.151149092211945,-3.4765468189039423,-10.86420880907482,-0.0
2000-11-02,2000,ECB Press conference: Introductory statement,/press/press_conference/monetary-policy-statement/2000/html/is001102.en.html,0.03758169934640523,-1.0355029585798818,-1.4792899408284024,-0.0035337514412456597,0.35337514412456594,4.75,0.0,2.537107352433554,1.3284986615473688,-3.2812380665831764,3.3977317257518105,4.853902465359728
2000-12-14,2000,ECB Press conference: Introductory statement,/press/press_conference/monetary-policy-statement/2000/html/is001214.en.html,0.08186195826645265,0.813953488372093,0.5813953488372093,-0.056582876592252036,5.658287659225204,4.75,0.0,2.5623387790197905,1.505848230882793,-2.5027208860631274,-2.037098395632778,-1.4550702825948416
2001-02-01,2001,Introductory statement,/press/press_conference/monetary-policy-statement/2001/html/is010201.en.html,0.07035928143712575,0.6510416666666667,0.13020833333333331,-0.0219112827286976,2.19112827286976,4.75,0.0,2.073337902673056,1.516418213439567,-2.6541405718265874,-1.7279561014496014,-0.3455912202899202
2001-03-01,2001,Introductory statement,/press/press_conference/monetary-policy-statement/2001/html/is010301.en.html,0.11134453781512606,1.7902813299232736,0.2557544757033248,-0.0022576343828547042,0.2257634382854704,4.75,0.0,2.253713505207444,1.3496386266609168,-2.195125940679298,-3.929892988428411,-0.5614132840612016
2001-04-11,2001,Introductory statement,/press/press_conference/monetary-policy-statement/2001/html/is010411.en.html,0.10620525059665871,1.8363939899833055,0.667779632721202,0.08407188022066789,8.407188022066789,4.75,0.0,2.780620948481749,1.182859039882267,-2.242381730749943,-4.1178963335975585,-1.4974168485809303
2001-05-10,2001,Introductory statement,/press/press_conference/monetary-policy-statement/2001/html/is010510.en.html,0.1384471468662301,-1.7639077340569878,-0.13568521031207598,0.013796817770478684,1.3796817770478684,4.75,-0.25,3.1175468483815916,1.07918635099864,-1.9772666372609302,3.487715913757407,0.26828583951980056
2001-06-07,2001,Introductory statement,/press/press_conference/monetary-policy-statement/2001/html/is010607.en.html,0.13906111603188662,-0.14534883720930233,-0.7267441860465116,-0.01667276737045408,1.6672767370454078,4.5,0.0,2.9371816638370296,0.9755136621150129,-1.972841758801354,0.2867502556397317,1.4337512781986583
2001-06-21,2001,Introductory statement,/press/press_conference/monetary-policy-statement/2001/html/is010621.en.html,0.08304498269896193,-0.9536784741144414,-0.9536784741144414,-0.027423986143229547,2.742398614322955,4.5,0.0,2.9371816638370296,0.9755136621150129,-2.4883728577644866,2.3731076300206273,2.3731076300206273
2001-07-05,2001,Introductory statement,/press/press_conference/monetary-policy-statement/2001/html/is010705.en.html,0.0823937554206418,-0.436046511627907,-0.436046511627907,-0.01794680597335279,1.794680597335279,4.5,0.0,2.6123833757421444,0.8718409732313859,-2.496245628668518,1.088479198547319,1.088479198547319
2001-08-30,2001,Introductory statement,/press/press_conference/monetary-policy-statement/2001/html/is010830.en.html,0.10526315789473684,2.5466893039049237,0.8488964346349746,-0.05293689183902288,5.293689183902288,4.5,-0.25,2.440677966101701,0.6847331103881397,-2.2512917986064953,-5.733340743480039,-1.911113581160013
2001-10-11,2001,Introductory statement,/press/press_conference/monetary-policy-statement/2001/html/is011011.en.html,0.08682008368200837,-0.7207207207207207,-1.4414414414414414,0.06615629321753452,6.6156293217534525,3.75,0.0,2.3106763366503635,0.31051738470164736,-2.443917305254803,1.7613818416250833,3.5227636832501665
2001-11-08,2001,Introductory statement,/press/press_conference/monetary-policy-statement/2001/html/is011108.en.html,0.11639185257032007,1.4945652173913044,0.9510869565217392,0.07878794277484492,7.878794277484492,3.75,-0.5,2.036694159232444,0.22035274500188012,-2.150792741234914,-3.2145000208673986,-2.045590922370163
2001-12-06,2001,Introductory statement,/press/press_conference/monetary-policy-statement/2001/html/is011206.en.html,0.07619738751814223,1.3259668508287292,0.11049723756906078,0.01710041133102006,1.7100411331020062,3.25,0.0,2.0959087860496384,0.13018810530211292,-2.5744281014160806,-3.413606322319665,-0.28446719352663874
2002-01-03,2002,Introductory statement,/press/press_conference/monetary-policy-statement/2002/html/is020103.en.html,0.152428810720268,-0.1773049645390071,-1.0638297872340425,0.031164090665316644,3.1164090665316646,3.25,0.0,2.643542683953526,0.04002346560234571,-1.881057606875752,0.33352085228293477,2.0011251136976087
2002-02-07,2002,Introductory statement,/press/press_conference/monetary-policy-statement/2002/html/is020207.en.html,0.10857664233576643,-1.813110181311018,-2.6499302649930265,0.007165288688412718,0.7165288688412718,3.25,0.0,2.501259022998159,0.03492425989168879,-2.220298974396431,4.02564667603258,5.88363744958608
2002-03-07,2002,Introductory statement,/press/press_conference/monetary-policy-statement/2002/html/is020307.en.html,0.09114359415305245,-1.6793893129770994,-1.8320610687022902,0.040150377583609995,4.015037758360999,3.25,0.0,2.5212890298881296,0.029825054181031874,-2.395319058406597,4.022673227858408,4.388370794027354
2002-04-04,2002,Introductory statement,/press/press_conference/monetary-policy-statement/2002/html/is020404.en.html,0.1746384872080089,0.0,-0.8113590263691683,-0.02473219018694086,2.473219018694086,3.25,0.0,2.37344398340249,0.024725848470374956,-1.7450372291233123,-0.0,1.415851707199442
2002-05-02,2002,Introductory statement,/press/press_conference/monetary-policy-statement/2002/html/is020502.en.html,0.1602409638554217,-0.7462686567164178,-1.1194029850746268,-0.02437067614046673,2.437067614046673,3.25,0.0,2.0816124235915945,0.020382167278931718,-1.8310765725688898,1.3664750541558879,2.0497125812338317
2002-06-06,2002,Introductory statement,/press/press_conference/monetary-policy-statement/2002/html/is020606.en.html,0.20047732696897375,-0.3663003663003663,-1.465201465201465,-0.08741189729147825,8.741189729147825,3.25,0.0,1.8802572983671384,0.01603848608748848,-1.607054121078824,0.5886645132156865,2.354658052862746
2002-07-04,2002,Introductory statement,/press/press_conference/monetary-policy-statement/2002/html/is020704.en.html,0.19047619047619047,-0.945179584120983,-0.5671077504725899,-0.015907219141177313,1.5907219141177313,3.25,0.0,2.000330633162517,0.011694804896045241,-1.6582280766035324,1.5673233238218645,0.9403939942931188
2002-09-12,2002,Introductory statement,/press/press_conference/monetary-policy-statement/2002/html/is020912.en.html,0.17470525187566988,0.45871559633027525,-0.3058103975535168,-0.08130338065479506,8.130338065479506,3.25,0.0,2.1452145214521323,-0.17324696039692591,-1.7446550000405816,-0.8003004587342117,0.5335336391561412
2002-10-10,2002,Introductory statement,/press/press_conference/monetary-policy-statement/2002/html/is021010.en.html,0.1341134113411341,0.9929078014184398,0.14184397163120568,0.08684364387324243,8.684364387324244,3.25,0.0,2.291460600065953,-0.2657178430434115,-2.0090694836941707,-1.994820763951659,-0.284974394850237
2002-11-07,2002,Introductory statement,/press/press_conference/monetary-policy-statement/2002/html/is021107.en.html,0.16832669322709162,-0.5300353356890459,-1.2367491166077738,0.03871965813951183,3.8719658139511828,3.25,0.0,2.2764764104256097,-0.5100376578690557,-1.781848585328601,0.9444427130716967,2.2036996638339588
2002-12-05,2002,Introductory statement,/press/press_conference/monetary-policy-statement/2002/html/is021205.en.html,0.12871287128712872,2.2167487684729066,-0.3694581280788177,-0.04697985716651982,4.697985716651982,3.25,-0.5,2.315651174248634,-0.7543574726947,-2.0501711593797225,-4.544714392713671,0.7574523987856118
2003-01-09,2003,Introductory statement,/press/press_conference/monetary-policy-statement/2003/html/is030109.en.html,0.09860312243221035,1.386748844375963,0.46224961479198773,0.05847648966717372,5.847648966717371,2.75,0.0,2.1489501312335957,-0.9986772875203442,-2.316652350205481,-3.2126149694683095,-1.0708716564894367
2003-02-06,2003,Introductory statement,/press/press_conference/monetary-policy-statement/2003/html/is030206.en.html,0.1575875486381323,0.6379585326953748,-0.4784688995215311,-0.01483040567692898,1.483040567692898,2.75,0.0,2.3910907304290907,-1.134992758498754,-1.8477741107827264,-1.178803260467449,0.8841024453505868
2003-03-06,2003,Introductory statement,/press/press_conference/monetary-policy-statement/2003/html/is030306.en.html,0.16804123711340208,-1.0256410256410255,-1.5384615384615385,-0.016813835311062342,1.6813835311062342,2.75,-0.25,2.4104234527687396,-1.2713082294771638,-1.7835458706906662,1.8292778160929908,2.7439167241394866
2003-04-03,2003,Introductory statement,/press/press_conference/monetary-policy-statement/2003/html/is030403.en.html,0.13157894736842105,2.4432809773123907,0.5235602094240838,0.048253636994626335,4.825363699462634,2.5,0.0,2.1076523994811858,-1.4076237004555736,-2.0281482472922856,-4.955336031778708,-1.0618577210954374
2003-05-08,2003,Introductory statement,/press/press_conference/monetary-policy-statement/2003/html/is030508.en.html,0.058311575282854654,-0.13531799729364005,-1.7591339648173208,0.037091358993485465,3.7091358993485466,2.5,0.0,1.8611425797054437,-1.3431322904700949,-2.8419546584577895,0.3845676127818389,4.999378966163906
2003-06-05,2003,Introductory statement,/press/press_conference/monetary-policy-statement/2003/html/is030605.en.html,0.15665584415584416,0.8695652173913043,-0.4968944099378882,0.09223694478437985,9.223694478437986,2.5,-0.5,2.023636069289303,-1.278640880484616,-1.8537039551885794,-1.6119164827726777,0.9210951330129588
2003-07-10,2003,Introductory statement,/press/press_conference/monetary-policy-statement/2003/html/is030710.en.html,0.15663801337153774,-2.819548872180451,-2.819548872180451,0.020453674806547265,2.0453674806547264,2.0,0.0,1.9773095623986991,-1.2141494704991374,-1.8538177830463383,5.226929839416368,5.226929839416368
2003-09-04,2003,Introductory statement,/press/press_conference/monetary-policy-statement/2003/html/is030904.en.html,0.1204954954954955,1.4134275618374559,-0.7067137809187279,0.007109811404343625,0.7109811404343626,2.0,0.0,2.1647819063004947,-1.0950242646761883,-2.116142908530264,-2.9910147117035533,1.4955073558517766
2003-10-02,2003,Introductory statement,/press/press_conference/monetary-policy-statement/2003/html/is031002.en.html,0.17271835132482827,0.700280112044818,0.2801120448179272,0.015188999412572995,1.5188999412572994,2.0,0.0,2.078968573730866,-1.0354616617647139,-1.756093038184573,-1.2297570295410176,-0.491902811816407
2003-11-06,2003,Introductory statement,/press/press_conference/monetary-policy-statement/2003/html/is031106.en.html,0.15901060070671377,-0.8571428571428572,-2.2857142857142856,0.0279658824572902,2.79658824572902,2.0,0.0,2.1935483870967776,-1.0180114523839379,-1.8387844078729179,1.5761009210339296,4.202935789423812
2003-12-04,2003,Introductory statement,/press/press_conference/monetary-policy-statement/2003/html/is031204.en.html,0.14768683274021352,0.0,-1.69971671388102,0.024430538366425687,2.4430538366425685,2.0,0.0,2.022471910112378,-1.0005612430031618,-1.9126612420970932,-0.0,3.2509822811848617
2004-01-08,2004,Introductory statement to the press conference,/press/press_conference/monetary-policy-statement/2004/html/is040108.en.html,0.16909620991253643,-1.9607843137254901,-3.431372549019608,0.031737063619644484,3.1737063619644483,2.0,0.0,1.8467962100529922,-0.9831110336223858,-1.7772874366195206,3.484877326704942,6.0985353217336495
2004-02-05,2004,Introductory statement to the press conference,/press/press_conference/monetary-policy-statement/2004/html/is040205.en.html,0.19408866995073892,-1.9801980198019802,-3.253182461103253,-0.011600169284404832,1.160016928440483,2.0,0.0,1.679462571976953,-0.9301029697371158,-1.6394401627378992,3.246416163837424,5.333397983447196
2004-03-04,2004,Introductory statement to the press conference,/press/press_conference/monetary-policy-statement/2004/html/is040304.en.html,0.10974610974610975,0.12970168612191957,-1.4267185473411155,-0.03446525462718042,3.446525462718042,2.0,0.0,1.7334605597964403,-0.8770949058518459,-2.2095856741597935,-0.28658698756936357,3.1524568632629997
2004-04-01,2004,Introductory statement to the press conference,/press/press_conference/monetary-policy-statement/2004/html/is040401.en.html,0.14210526315789473,0.0,-1.0510510510510511,0.043412247079746454,4.3412247079746455,2.0,0.0,2.0959034614163263,-0.8240868419665759,-1.951187206156157,-0.0,2.050797363827793
2004-05-06,2004,Introductory statement to the press conference,/press/press_conference/monetary-policy-statement/2004/html/is040506.en.html,0.16545454545454547,-2.0242914979757085,-2.834008097165992,-0.05656535747626059,5.656535747626059,2.0,0.0,2.4785510009532885,-0.9048919254678248,-1.7990587717096664,3.641819375930499,5.098547126302699
2004-06-03,2004,Introductory statement to the press conference,/press/press_conference/monetary-policy-statement/2004/html/is040603.en.html,0.09808612440191387,-0.37831021437578816,-0.8827238335435058,0.01998087946753584,1.998087946753584,2.0,0.0,2.4119327197715146,-0.9856970089690739,-2.3219093658204484,0.8784020299446842,2.0496047365375967
2004-07-01,2004,Introductory statement to the press conference,/press/press_conference/monetary-policy-statement/2004/html/is040701.en.html,0.12642802741812642,-2.564102564102564,-3.7296037296037294,-0.014293454846346287,1.4293454846346287,2.0,0.0,2.3521932612841745,-1.0665020924703228,-2.068082085946253,5.302774579349367,7.713126660871806
2004-09-02,2004,Introductory statement to the press conference,/press/press_conference/monetary-policy-statement/2004/html/is040902.en.html,0.1268603827072998,-0.5543237250554324,-1.441241685144124,0.019271041405294113,1.9271041405294114,2.0,0.0,2.1505376344086002,-1.0845163667777176,-2.064668146012059,1.1444945377006979,2.9756857980218143
2004-10-07,2004,Introductory statement to the press conference,/press/press_conference/monetary-policy-statement/2004/html/is041007.en.html,0.1672401927047488,-0.10449320794148381,-1.1494252873563218,0.007719168675571251,0.7719168675571251,2.0,0.0,2.3839595832017446,-1.093523503931415,-1.7883242202297345,0.18686773461125752,2.0555450807238325
2004-11-04,2004,Introductory statement to the press conference,/press/press_conference/monetary-policy-statement/2004/html/is041104.en.html,0.14545454545454545,0.2688172043010753,-1.747311827956989,0.03977867023898013,3.977867023898013,2.0,0.0,2.2885101010100994,-1.155981688777885,-1.927891643552635,-0.5182504418152245,3.3686278717989584
2004-12-02,2004,Introductory statement to the press conference,/press/press_conference/monetary-policy-statement/2004/html/is041202.en.html,0.17560553633217993,0.6622516556291391,-0.9271523178807948,0.0023630061095350936,0.23630061095350935,2.0,0.0,2.344241661422264,-1.2184398736243551,-1.7395150701905355,-1.1519967352255203,1.6127954293157285
2005-01-13,2005,Introductory statement with Q&A,/press/press_conference/monetary-policy-statement/2005/html/is050113.en.html,0.19571567672833495,1.951219512195122,0.0,-0.0029364354102214855,0.29364354102214857,2.0,0.0,1.939451277199633,-1.2808980584708252,-1.6310923018694825,-3.18261912559899,-0.0
2005-02-03,2005,Introductory statement with Q&A,/press/press_conference/monetary-policy-statement/2005/html/is050203.en.html,0.21377183967112023,1.41643059490085,-0.141643059490085,0.02868318390590227,2.868318390590227,2.0,0.0,2.076451156205761,-1.2336168808786852,-1.542846002484687,-2.1853342811397836,0.21853342811397833
2005-03-03,2005,Introductory statement with Q&A,/press/press_conference/monetary-policy-statement/2005/html/is050303.en.html,0.21214868540344514,1.1207970112079702,-0.24906600249066002,0.00467488152528895,0.467488152528895,2.0,0.0,2.188525871502267,-1.1863357032865451,-1.5504679038958011,-1.7377597926603001,0.3861688428134
2005-04-07,2005,Introductory statement with Q&A,/press/press_conference/monetary-policy-statement/2005/html/is050407.en.html,0.1560353287536801,-0.3838771593090211,-1.1516314779270633,0.0043538826601848815,0.4353882660184881,2.0,0.0,2.083981337480556,-1.1390545256944051,-1.8576728310024933,0.7131181692907843,2.139354507872353
2005-05-04,2005,Introductory statement with Q&A,/press/press_conference/monetary-policy-statement/2005/html/is050504.en.html,0.18181818181818182,-2.4193548387096775,-2.620967741935484,-0.011290813784047062,1.1290813784047062,2.0,0.0,1.9844961240309988,-1.0426909981495907,-1.7047480922384253,4.124390545738126,4.46808975788297
2005-06-02,2005,Introductory statement with Q&A,/press/press_conference/monetary-policy-statement/2005/html/is050602.en.html,0.15503875968992248,-1.6417910447761193,-2.5373134328358207,0.014918904372073325,1.4918904372073325,2.0,0.0,2.045243259993801,-0.9463274706047761,-1.864080130807681,3.0604300655051477,4.729755555780683
2005-07-07,2005,Introductory statement with Q&A,/press/press_conference/monetary-policy-statement/2005/html/is050707.en.html,0.11300448430493273,-0.7032348804500703,-1.8284106891701828,0.026024130184631955,2.6024130184631957,2.0,0.0,2.1428571428571352,-0.8499639430599615,-2.180327776942741,1.533282543560296,3.9865346132567696
2005-09-01,2005,Introductory statement with Q&A,/press/press_conference/monetary-policy-statement/2005/html/is050901.en.html,0.17834960070984915,-0.5201560468140443,-2.080624187256177,0.008249646610498654,0.8249646610498654,2.0,0.0,2.6006191950464608,-0.68061241621263,-1.7240096059807006,0.8967540213163593,3.587016085265437
2005-10-06,2005,Introductory statement with Q&A,/press/press_conference/monetary-policy-statement/2005/html/is051006.en.html,0.1334841628959276,-1.3029315960912053,-1.737242128121607,-0.03914617813319093,3.9146178133190928,2.0,0.0,2.4672320740169784,-0.5959366527889642,-2.0137724381719786,2.6238077370318944,3.4984103160425253
2005-11-03,2005,Introductory statement with Q&A,/press/press_conference/monetary-policy-statement/2005/html/is051103.en.html,0.2819614711033275,0.2789400278940028,-0.8368200836820083,0.010624084710389005,1.0624084710389006,2.0,0.0,2.314457645425083,-0.42362419792905115,-1.2659848446715474,-0.3531338478860662,1.0594015436581985
2005-12-01,2005,Introductory statement with Q&A,/press/press_conference/monetary-policy-statement/2005/html/is051201.en.html,0.22014260249554368,0.245398773006135,-0.49079754601227,0.00441734649053531,0.44173464905353105,2.0,0.25,2.2751729438893253,-0.25131174306913806,-1.5134797494546643,-0.37140607348580723,0.7428121469716145
2006-01-12,2006,Introductory statement with Q&A,/press/press_conference/monetary-policy-statement/2006/html/is060112.en.html,0.1548223350253807,-3.1988873435326846,-3.3379694019471486,-0.022998478354549226,2.2998478354549228,2.25,0.0,2.459396751740117,-0.07899928820922497,-1.8654770451246225,5.967450909299906,6.22690529666077
2006-02-02,2006,Introductory statement with Q&A,/press/press_conference/monetary-policy-statement/2006/html/is060202.en.html,0.1926605504587156,-0.6648936170212766,-1.8617021276595744,0.03420277684311371,3.4202776843113707,2.25,0.0,2.3578363384188616,0.1510951528370441,-1.6468254445057207,1.0949637264000802,3.0658984339202244
2006-03-02,2006,Introductory statement with Q&A,/press/press_conference/monetary-policy-statement/2006/html/is060302.en.html,0.18436703483432457,-3.3734939759036147,-4.457831325301205,-0.024802355117597888,2.4802355117597887,2.25,0.25,2.2028453418999394,0.3811895938833132,-1.6908267537198172,5.703993867970468,7.537420468389547
2006-04-06,2006,Introductory statement with Q&A,/press/press_conference/monetary-policy-statement/2006/html/is060406.en.html,0.2824427480916031,-2.158273381294964,-3.4532374100719423,-0.023577241390396016,2.3577241390396018,2.5,0.0,2.4527726995734245,0.6112840349295823,-1.264279410556927,2.728660598324303,4.365856957318885
2006-05-04,2006,Introductory statement with Q&A,/press/press_conference/monetary-policy-statement/2006/html/is060504.en.html,0.29979879275653926,-2.486910994764398,-3.664921465968586,-0.02546360103738724,2.5463601037387242,2.5,0.0,2.523563393128603,0.6661352285163366,-1.2046437201511695,2.99584171241783,4.414924628826276
2006-06-08,2006,Introductory statement with Q&A,/press/press_conference/monetary-policy-statement/2006/html/is060608.en.html,0.22443890274314215,-0.995575221238938,-2.101769911504425,-0.05030873882059521,5.030873882059521,2.5,0.25,2.474946856969318,0.7209864221030907,-1.494151756976304,1.487540466016232,3.1403632060342677
2006-07-06,2006,Introductory statement with Q&A,/press/press_conference/monetary-policy-statement/2006/html/is060706.en.html,0.2140468227424749,-3.3156498673740056,-4.509283819628647,0.006988825900093889,0.6988825900093889,2.75,0.0,2.477956825782912,0.775837615689845,-1.5415604900310147,5.111274834320341,6.951333774675662
2006-08-03,2006,Introductory statement with Q&A,/press/press_conference/monetary-policy-statement/2006/html/is060803.en.html,0.25601374570446733,-1.5267175572519083,-2.5081788440567068,0.004755264912380043,0.47552649123800433,2.75,0.25,2.3202911737943532,1.0490022613681187,-1.3625241417859788,2.080189529444242,3.4174542269441126
2006-08-31,2006,Introductory statement with Q&A,/press/press_conference/monetary-policy-statement/2006/html/is060831.en.html,0.20599250936329588,-2.3255813953488373,-3.699788583509514,-0.008078814300406833,0.8078814300406834,3.0,0.0,2.3202911737943532,1.0490022613681187,-1.5799154731677787,3.6742220306227416,5.84535323053618
2006-10-05,2006,Introductory statement with Q&A,/press/press_conference/monetary-policy-statement/2006/html/is061005.en.html,0.22772277227722773,-0.6451612903225806,-2.3655913978494625,0.021098693515911524,2.1098693515911524,3.0,0.25,1.6252821670428963,1.5953315527246659,-1.4796263009121098,0.9545976134916837,3.5001912494695073
2006-11-02,2006,Introductory statement with Q&A,/press/press_conference/monetary-policy-statement/2006/html/is061102.en.html,0.34824281150159747,-0.9765625,-2.24609375,0.007586817713246407,0.7586817713246408,3.25,0.0,1.8700045242044938,1.7231600501737294,-1.0548553083110095,1.0301321370224703,2.3693039151516815
2006-12-07,2006,Introductory statement with Q&A,/press/press_conference/monetary-policy-statement/2006/html/is061207.en.html,0.26783216783216784,-1.0138248847926268,-2.5806451612903225,0.018550043597771355,1.8550043597771355,3.25,0.25,1.9239440853750178,1.8509885476227932,-1.317394734073307,1.3356075644982837,3.399728345995631
2007-01-11,2007,Introductory statement with Q&A,/press/press_conference/monetary-policy-statement/2007/html/is070111.en.html,0.3181818181818182,-1.7595307917888565,-2.0527859237536656,-0.018523408153134847,1.8523408153134846,3.5,0.0,1.85688405797102,1.9788170450718567,-1.1451323043030026,2.01489555009326,2.350711475108803
2007-02-08,2007,Introductory statement with Q&A,/press/press_conference/monetary-policy-statement/2007/html/is070208.en.html,0.24416909620991253,-0.509683995922528,-1.7329255861365953,0.01533888500997712,1.533888500997712,3.5,0.0,1.88196326407708,2.112225244216385,-1.409894276460764,0.7186005486548236,2.4432418654264003
2007-03-08,2007,Introductory statement with Q&A,/press/press_conference/monetary-policy-statement/2007/html/is070308.en.html,0.26857142857142857,-2.0814479638009047,-2.6244343891402715,-0.029178169347154583,2.917816934715458,3.5,0.25,1.9607843137254832,2.2456334433609135,-1.3146383722134554,2.7363513629782323,3.4501821533203807
2007-04-12,2007,Introductory statement with Q&A,/press/press_conference/monetary-policy-statement/2007/html/is070412.en.html,0.32873563218390806,-1.5069967707212055,-2.3681377825618943,0.030151121240916692,3.015112124091669,3.75,0.0,1.9330855018587334,2.3790416425054417,-1.1125014008287768,1.6765360184717841,2.6345566004556606
2007-05-10,2007,Introductory statement with Q&A,/press/press_conference/monetary-policy-statement/2007/html/is070510.en.html,0.34252297410192145,0.10504201680672269,-0.6302521008403361,0.012573928655057631,1.2573928655057631,3.75,0.0,1.883155397390257,2.431908067036718,-1.0714165458596197,-0.11254375481718694,0.6752625289031217
2007-06-06,2007,Introductory statement with Q&A,/press/press_conference/monetary-policy-statement/2007/html/is070606.en.html,0.30007283321194467,-1.8276762402088773,-2.2628372497824194,-0.023896072022375467,2.3896072022375465,3.75,0.25,1.9113942806341822,2.4847744915679946,-1.2037300564184445,2.2000288237412824,2.7238452103463495
2007-07-05,2007,Introductory statement with Q&A,/press/press_conference/monetary-policy-statement/2007/html/is070705.en.html,0.444794952681388,-2.0348837209302326,-1.937984496124031,0.013397633239395836,1.3397633239395836,4.0,0.0,1.794985907135449,2.537640916099271,-0.8101418834991123,1.6485445303761006,1.5700424098820005
2007-09-06,2007,Introductory statement with Q&A,/press/press_conference/monetary-policy-statement/2007/html/is070906.en.html,0.14084507042253522,-0.2004008016032064,-0.6012024048096193,0.004555847054618003,0.4555847054618003,4.0,0.0,2.1639247072773093,2.754320482111853,-1.9600947840472698,0.39280456594133656,1.17841369782401
2007-10-04,2007,Introductory statement with Q&A,/press/press_conference/monetary-policy-statement/2007/html/is071004.en.html,0.21675238795003673,-0.8056394763343404,-1.0070493454179255,0.01879927744441249,1.879927744441249,4.0,0.0,2.5766326077298896,2.8626602651181443,-1.5289996463116462,1.2318224743699064,1.5397780929623828
2007-11-08,2007,Introductory statement with Q&A,/press/press_conference/monetary-policy-statement/2007/html/is071108.en.html,0.4121565362198168,-0.3868471953578337,-0.7736943907156674,-0.045123249790748776,4.512324979074878,4.0,0.0,3.1088082901554515,3.024213935712853,-0.8863520595112933,0.34288280832158347,0.6857656166431669
2007-12-06,2007,Introductory statement with Q&A,/press/press_conference/monetary-policy-statement/2007/html/is071206.en.html,0.29819494584837547,0.547945205479452,-0.182648401826484,0.006231552449907557,0.6231552449907557,4.0,0.0,3.1116354519982403,3.185767606307562,-1.210007825660406,-0.6630179866632362,0.22100599555441205
2008-01-10,2008,Introductory statement with Q&A,/press/press_conference/monetary-policy-statement/2008/html/is080110.en.html,0.3460639127045986,-0.7376185458377239,-1.1591148577449948,-0.08291078325362752,8.291078325362752,4.0,0.0,3.2755298651252485,3.347321276902271,-1.0611318021834117,0.7827104968686914,1.2299736379365152
2008-02-07,2008,Introductory statement with Q&A,/press/press_conference/monetary-policy-statement/2008/html/is080207.en.html,0.3621434745030251,0.6688963210702341,-0.33444816053511706,0.0018103071906280395,0.18103071906280396,4.0,0.0,3.3249593616077933,3.1469727253767252,-1.0157148072715387,-0.6794078978404942,0.3397039489202471
2008-03-06,2008,Introductory statement with Q&A,/press/press_conference/monetary-policy-statement/2008/html/is080306.en.html,0.34889643463497455,0.7952286282306162,0.09940357852882703,-0.07387360152338376,7.387360152338377,4.0,0.0,3.6553141514973575,2.946624173851179,-1.0529801497152973,-0.8373599600121648,-0.1046699950015206
2008-04-10,2008,Introductory statement with Q&A,/press/press_conference/monetary-policy-statement/2008/html/is080410.en.html,0.42086956521739133,0.984251968503937,0.39370078740157477,-0.012417703496059394,1.2417703496059393,4.0,0.0,3.3406272793581326,2.7462756223256335,-0.865432314640664,-0.8518034592919921,-0.3407213837167968
2008-05-08,2008,Introductory statement with Q&A,/press/press_conference/monetary-policy-statement/2008/html/is080508.en.html,0.44734551784160137,1.8482490272373542,0.9727626459143969,0.027545233057039112,2.7545233057039114,4.0,0.0,3.7403580264881553,2.5405140369355075,-0.8044240123935906,-1.4867758983928232,-0.7825136307330648
2008-06-05,2008,Introductory statement with Q&A,/press/press_conference/monetary-policy-statement/2008/html/is080605.en.html,0.3333333333333333,1.5548281505728314,0.7364975450081833,-0.04412674387471098,4.412674387471098,4.0,0.0,4.041872637394595,2.334752451545382,-1.0986122886681098,-1.7081533129864228,-0.8091252535198845
2008-07-03,2008,Introductory statement with Q&A,/press/press_conference/monetary-policy-statement/2008/html/is080703.en.html,0.31491344873502,0.429553264604811,-0.3436426116838488,-0.06845259723438396,6.845259723438396,4.0,0.25,4.124162051879909,2.128990866155256,-1.155457443832147,-0.4963305171100288,0.39706441368802303
2008-08-07,2008,Introductory statement with Q&A,/press/press_conference/monetary-policy-statement/2008/html/is080807.en.html,0.38080731150038083,1.317027281279398,0.4703668861712135,0.017337909105020467,1.7337909105020466,4.25,0.0,3.9027231687781994,1.534559768213247,-0.9654617758806043,-1.2715394978672117,-0.4541212492382899
2008-09-04,2008,Introductory statement with Q&A,/press/press_conference/monetary-policy-statement/2008/html/is080904.en.html,0.34594594594594597,0.8665511265164645,-0.25996533795493937,-0.01054323564398929,1.054323564398929,4.25,0.0,3.7139126650224785,0.9401286702712379,-1.061472741718653,-0.9198204001028188,0.2759461200308457
2008-10-02,2008,Introductory statement with Q&A,/press/press_conference/monetary-policy-statement/2008/html/is081002.en.html,0.2911597729115977,2.983539094650206,2.1604938271604937,-0.15651322594182807,15.651322594182806,4.25,0.0,3.2337231124585086,0.3456975723292288,-1.2338831146760654,-3.681338510864804,-2.6657968526952027
2008-11-06,2008,Introductory statement with Q&A,/press/press_conference/monetary-policy-statement/2008/html/is081106.en.html,0.17384240454914704,1.088139281828074,-0.544069640914037,-0.01883341436615423,1.883341436615423,3.75,-0.5,2.182340272792538,-0.6993614583792624,-1.749606111162602,-1.903815137282483,0.9519075686412415
2008-12-04,2008,Introductory statement with Q&A,/press/press_conference/monetary-policy-statement/2008/html/is081204.en.html,0.19688715953307392,3.4871794871794872,1.5384615384615385,0.06439188993523659,6.4391889935236595,3.25,-0.75,1.659038901601817,-1.7444204890877537,-1.6251245086018,-5.667100850508842,-2.5001915516950772
2009-01-15,2009,Introductory statement with Q&A,/press/press_conference/monetary-policy-statement/2009/html/is090115.en.html,0.2780373831775701,4.190476190476191,3.0476190476190474,-0.13455753130272596,13.455753130272596,2.5,-0.5,1.176808266360485,-2.789479519796245,-1.2799997024702674,-5.363808277018264,-3.9009514741951006
2009-02-05,2009,Introductory statement with Q&A,/press/press_conference/monetary-policy-statement/2009/html/is090205.en.html,0.3185483870967742,4.1067761806981515,2.8747433264887063,-0.01581117832347171,1.581117832347171,2.0,0.0,1.2442791762013794,-2.795731243906848,-1.1439808936979607,-4.69807348541257,-3.288651439788799
2009-03-05,2009,Introductory statement with Q&A,/press/press_conference/monetary-policy-statement/2009/html/is090305.en.html,0.16654219566840925,4.229934924078091,3.14533622559653,0.02153377152591706,2.153377152591706,2.0,-0.5,0.6231411981305834,-2.8019829680174504,-1.7925065742310538,-7.582186159979511,-5.638035862548868
2009-04-02,2009,Introductory statement with Q&A,/press/press_conference/monetary-policy-statement/2009/html/is090402.en.html,0.26624548736462095,3.8461538461538463,3.245192307692308,0.07507427936232677,7.507427936232677,1.5,-0.25,0.6493506493506329,-2.808234692128053,-1.3233365109674093,-5.089755811413113,-4.294481465879814
2009-05-07,2009,Introductory statement with Q&A,/press/press_conference/monetary-policy-statement/2009/html/is090507.en.html,0.3109600679694138,3.2427695004382118,1.8404907975460123,0.06789802608817305,6.789802608817305,1.25,-0.25,0.08417508417508657,-2.6922947228622243,-1.1680907738589104,-3.787849135212943,-2.1498603199857245
2009-06-04,2009,Introductory statement with Q&A,/press/press_conference/monetary-policy-statement/2009/html/is090604.en.html,0.2416011436740529,2.8181818181818183,0.8181818181818182,0.05532665167139005,5.5326651671390055,1.0,0.0,-0.11179429849077493,-2.5763547535963958,-1.4204670791824625,-4.003134495877849,-1.162200337512924
2009-07-02,2009,Introductory statement with Q&A,/press/press_conference/monetary-policy-statement/2009/html/is090702.en.html,0.33738848337388483,2.3169601482854496,0.6487488415199258,-0.02257227490814466,2.257227490814466,1.0,0.0,-0.6158152554233687,-2.460414784330567,-1.0865202429030811,-2.5174241031118654,-0.7048787488713223
2009-08-06,2009,Introductory statement with Q&A,/press/press_conference/monetary-policy-statement/2009/html/is090806.en.html,0.416,2.644466209598433,1.860920666013712,0.0567019047560033,5.67019047560033,1.0,0.0,-0.14015416958653715,-2.319781303974011,-0.8770700187208739,-2.319382027959216,-1.6321577233787075
2009-09-03,2009,Introductory statement with Q&A,/press/press_conference/monetary-policy-statement/2009/html/is090903.en.html,0.3124042879019908,-0.08340283569641367,-0.9174311926605505,0.03438649935905262,3.438649935905262,1.0,0.0,-0.32172331794655395,-2.1791478236174555,-1.1634571354322147,0.09703562430627312,1.0673918673690044
2009-10-08,2009,Introductory statement with the Q&A,/press/press_conference/monetary-policy-statement/2009/html/is091008.en.html,0.4094616639477977,-0.6060606060606061,-1.2121212121212122,0.028252920571752334,2.8252920571752336,1.0,0.0,-0.12585652356313926,-2.0385143432609,-0.8929119968044276,0.5411587859420773,1.0823175718841547
2009-11-05,2009,Introductory statement with the Q&A,/press/press_conference/monetary-policy-statement/2009/html/is091105.en.html,0.421792618629174,0.48169556840077066,-0.5780346820809248,0.03415654178509742,3.4156541785097425,1.0,0.0,0.47772938035690604,-1.91351439096555,-0.8632415107843396,-0.4158196102044025,0.49898353224528297
2009-12-03,2009,Introductory statement with the Q&A,/press/press_conference/monetary-policy-statement/2009/html/is091203.en.html,0.33790999237223496,1.192504258943782,0.0,-0.026103782707517204,2.6103782707517205,1.0,0.0,0.9144625773776172,-1.7885144386702005,-1.084975713718564,-1.2938381594599573,-0.0
2010-01-14,2010,Introductory statement with Q&A,/press/press_conference/monetary-policy-statement/2010/html/is100114.en.html,0.3291788856304985,1.2832263978001834,0.5499541704857929,-0.059910046595105126,5.991004659510512,1.0,0.0,0.9219858156028549,-1.6635144863748508,-1.1111539506611532,-1.4258620815083545,-0.6110837492178661
2010-02-04,2010,Introductory statement with Q&A,/press/press_conference/monetary-policy-statement/2010/html/is100204.en.html,0.40633019674935844,1.7951425554382259,1.1615628299894403,-0.051621403369448905,5.162140336944891,1.0,0.0,0.8193247633846656,-1.3606364289458976,-0.9005891574374272,-1.6166859214821818,-1.0460908903708235
2010-03-04,2010,Introductory statement with Q&A,/press/press_conference/monetary-policy-statement/2010/html/is100304.en.html,0.38416175231676497,1.7132551848512172,0.9017132551848512,0.030693019448102384,3.0693019448102383,1.0,0.0,1.5622800844475648,-1.0577583715169445,-0.956691585095282,-1.6390568184680212,-0.8626614834042218
2010-04-08,2010,Introductory statement with Q&A,/press/press_conference/monetary-policy-statement/2010/html/is100408.en.html,0.35891286970423664,1.6881827209533267,0.9930486593843099,0.007799066628995144,0.7799066628995144,1.0,0.0,1.6129032258064502,-0.7548803140879912,-1.0246756227246567,-1.7298396808658554,-1.0175527534505033
2010-05-06,2010,Introductory statement with Q&A,/press/press_conference/monetary-policy-statement/2010/html/is100506.en.html,0.2633204633204633,1.2218045112781954,1.1278195488721803,-0.06334632337439258,6.334632337439258,1.0,0.0,1.6820857863750982,-0.6204476942172003,-1.3343834968501214,-1.630355776226652,-1.5049437934399863
2010-06-10,2010,Introductory statement with Q&A,/press/press_conference/monetary-policy-statement/2010/html/is100610.en.html,0.3402555910543131,1.2367491166077738,0.35335689045936397,0.03692773279770967,3.6927732797709667,1.0,0.0,1.4829322887520924,-0.4860150743464094,-1.0780582053906735,-1.3332875331686773,-0.38093929519105074
2010-07-08,2010,Introductory statement with Q&A,/press/press_conference/monetary-policy-statement/2010/html/is100708.en.html,0.42078792958927075,1.3461538461538463,0.7692307692307693,0.0386426005173933,3.86426005173933,1.0,0.0,1.718067877763696,-0.35158245447561853,-0.8656263024061869,-1.1652661763160208,-0.6658663864662976
2010-08-05,2010,Introductory statement with Q&A,/press/press_conference/monetary-policy-statement/2010/html/is100805.en.html,0.5451977401129944,0.6809338521400778,-0.09727626459143969,-0.014967945368870342,1.4967945368870341,1.0,0.0,1.5719298245614022,-0.16596860607620556,-0.6066067242288888,-0.41305905346325117,0.05900843620903588
2010-09-02,2010,Introductory statement with Q&A,/press/press_conference/monetary-policy-statement/2010/html/is100902.en.html,0.362876254180602,-0.0946969696969697,-0.6628787878787878,0.07551169619634071,7.551169619634071,1.0,0.0,1.8804378332865301,0.019645242323207412,-1.0136934004101723,0.09599369322066026,0.6719558525446218
2010-10-07,2010,Introductory statement with Q&A,/press/press_conference/monetary-policy-statement/2010/html/is101007.en.html,0.3904494382022472,0.7326007326007326,-0.2442002442002442,0.032299203237742,3.2299203237742,1.0,0.0,1.9462335480257664,0.20525909072262039,-0.9404567977213387,-0.6889793389899916,0.22965977966333057
2010-11-04,2010,Introductory statement with Q&A,/press/press_conference/monetary-policy-statement/2010/html/is101104.en.html,0.512735326688815,0.4634994206257242,-0.34762456546929316,0.005638972475660184,0.5638972475660184,1.0,0.0,1.915815969794421,0.505910395100706,-0.6679954993307513,-0.30961552692039457,0.23221164519029594
2010-12-02,2010,Introductory statement with Q&A,/press/press_conference/monetary-policy-statement/2010/html/is101202.en.html,0.36693191865605657,0.2912621359223301,-0.48543689320388345,0.03170688360755888,3.1706883607558884,1.0,0.0,2.216645754914248,0.8065616994787916,-1.0025789558854221,-0.2920132881219676,0.48668881353661264
2011-01-13,2011,Introductory statement to the press conference (with Q&A),/press/press_conference/monetary-policy-statement/2011/html/is110113.en.html,0.39200680272108845,-0.8,-1.3,0.03484254096979515,3.484254096979515,1.0,0.0,2.319044272663384,1.1072130038568773,-0.9364760854619236,0.7491808683695389,1.2174189111005007
2011-02-03,2011,Introductory statement to the press conference (with Q&A),/press/press_conference/monetary-policy-statement/2011/html/is110203.en.html,0.49455984174085066,-0.43811610076670315,-1.3143483023001095,0.017885731761902304,1.7885731761902304,1.0,0.0,2.437999159310622,1.0828715267972318,-0.7040871205982796,0.30847190387657375,0.9254157116297212
2011-03-03,2011,Introductory statement to the press conference (with Q& A),/press/press_conference/monetary-policy-statement/2011/html/is110303.en.html,0.3179950698438784,-1.5151515151515151,-2.228163992869875,-0.015340548716868888,1.5340548716868887,1.0,0.0,2.674611973392471,1.0585300497375865,-1.1457193999577455,1.735938484784463,2.5528507129183278
2011-04-07,2011,Introductory statement to the press conference (with Q&A),/press/press_conference/monetary-policy-statement/2011/html/is110407.en.html,0.3886606409202958,-0.0970873786407767,-1.262135922330097,-0.005977886177592377,0.5977886177592378,1.0,0.25,2.843340234644587,1.034188572677941,-0.9450487044955943,0.09175230140733925,1.1927799182954102
2011-05-05,2011,Introductory statement to the press conference (with Q&A),/press/press_conference/monetary-policy-statement/2011/html/is110505.en.html,0.45969884853852966,-0.3574620196604111,-1.161751563896336,-0.025388146841074474,2.5388146841074475,1.25,0.0,2.7295285359801413,1.0185770283926605,-0.7771836809837734,0.2778136482515723,0.9028943568176099
2011-06-09,2011,Introductory statement to the press conference (with Q&A),/press/press_conference/monetary-policy-statement/2011/html/is110609.en.html,0.40213815789473684,0.0,-1.0676156583629894,-0.022064599969926577,2.206459996992658,1.25,0.0,2.7157430383236925,1.0029654841073803,-0.9109595730512403,-0.0,0.9725547043251677
2011-07-07,2011,Introductory statement to the press conference (with Q&A),/press/press_conference/monetary-policy-statement/2011/html/is110707.en.html,0.41480820695807313,0.0,-1.044932079414838,-0.0674893290980538,6.74893290980538,1.25,0.25,2.5751072961373467,0.9873539398220998,-0.8799390174848036,-0.0,0.9194765072986454
2011-08-04,2011,Introductory statement to the press conference (with Q&A),/press/press_conference/monetary-policy-statement/2011/html/is110804.en.html,0.35645302897278314,0.0,-0.6398537477148081,-0.21374065850909754,21.374065850909755,1.5,0.0,2.5563078623739077,0.8610224123857554,-1.0315528038454496,-0.0,0.6600429275062292
2011-09-08,2011,Introductory statement to the press conference (with Q&A),/press/press_conference/monetary-policy-statement/2011/html/is110908.en.html,0.25,0.6147540983606558,-0.5122950819672131,-0.0661289660980103,6.61289660980103,1.5,0.0,2.988980716253442,0.7346908849494109,-1.3862943611198906,-0.8522301400327197,0.7101917833605996
2011-10-06,2011,Introductory statement to the press conference (with Q&A),/press/press_conference/monetary-policy-statement/2011/html/is111006.en.html,0.27720739219712526,0.28591851322373124,-0.21443888491779842,0.07102775621113855,7.102775621113855,1.5,0.0,3.0490317264112,0.6083593575130664,-1.2829893446441603,-0.3668304059025476,0.27512280442691067
2011-11-03,2011,Introductory statement to the press conference (with Q&A),/press/press_conference/monetary-policy-statement/2011/html/is111103.en.html,0.274672187715666,1.2320328542094456,0.41067761806981523,-0.02051745030553008,2.051745030553008,1.5,-0.25,3.032381997804623,0.49852551026455433,-1.2921769370362446,-1.5920044398803836,-0.5306681466267945
2011-12-08,2011,Introductory statement to the press conference (with Q&A),/press/press_conference/monetary-policy-statement/2011/html/is111208.en.html,0.2572096648480125,2.677746999076639,1.3850415512465373,-0.032194083248171315,3.2194083248171315,1.25,-0.25,2.755046372067671,0.3886916630160423,-1.3578637101551103,-3.636015475022918,-1.8806976594946125
2012-01-12,2012,Introductory statement to the press conference (with Q&A),/press/press_conference/monetary-policy-statement/2012/html/is120112.en.html,0.3402835696413678,2.1739130434782608,0.8009153318077803,0.04589367673103058,4.589367673103058,1.0,0.0,2.6648351648351554,0.2788578157675303,-1.0779759806233526,-2.3434260448333752,-0.8633674902017698
2012-02-09,2012,Introductory statement to the press conference (with Q&A),/press/press_conference/monetary-policy-statement/2012/html/is120209.en.html,0.2575024201355276,2.511078286558346,1.9202363367799113,0.024187705655888382,2.4187705655888383,1.0,0.0,2.7356038845575137,0.12420848900755269,-1.3567261603379395,-3.406845602030277,-2.6052348721407994
2012-03-08,2012,Introductory statement to the press conference (with Q&A),/press/press_conference/monetary-policy-statement/2012/html/is120308.en.html,0.24406047516198703,-0.7429420505200593,-1.337295690936107,0.04583362363420892,4.583362363420892,1.0,0.0,2.685922526656759,-0.030440837752424954,-1.4103392353738935,1.047800323457573,1.8860405822236317
2012-04-04,2012,Introductory statement to the press conference (with Q&A),/press/press_conference/monetary-policy-statement/2012/html/is120404.en.html,0.34232121922626024,0.0,-0.30721966205837176,-0.08643938101302802,8.643938101302801,1.0,0.0,2.5768353241175657,-0.18509016451240257,-1.0720057452233973,-0.0,0.3293412427721651
2012-05-03,2012,Introductory statement to the press conference (with Q&A),/press/press_conference/monetary-policy-statement/2012/html/is120503.en.html,0.38876651982378857,0.12578616352201258,-0.37735849056603776,-0.006501385228830651,0.6501385228830651,1.0,0.0,2.4288781535158455,-0.270574535320911,-0.9447763216679964,-0.11883978888905615,0.3565193666671685
2012-06-06,2012,Introductory statement to the press conference (with Q&A),/press/press_conference/monetary-policy-statement/2012/html/is120606.en.html,0.24233716475095785,0.5563282336578581,0.13908205841446453,-0.0037512639640563997,0.37512639640564,1.0,0.0,2.3620990471077574,-0.3560589061294195,-1.417425279715064,-0.788553702205877,-0.19713842555146924
2012-07-05,2012,Introductory statement to the press conference (with Q&A),/press/press_conference/monetary-policy-statement/2012/html/is120705.en.html,0.31759149940968123,1.4134275618374559,0.7067137809187279,0.041134713665084394,4.113471366508439,1.0,-0.25,2.4024834660548056,-0.44154327693792794,-1.1469893150502153,-1.6211863110250393,-0.8105931555125196
2012-08-02,2012,Introductory statement to the press conference (with Q&A),/press/press_conference/monetary-policy-statement/2012/html/is120802.en.html,0.32878270762229805,2.1108179419525066,0.6596306068601583,0.13172680385992738,13.172680385992738,0.75,0.0,2.6138507140932354,-0.6331245640529559,-1.112358209572745,-2.3479856666443166,-0.7337455208263488
2012-09-06,2012,Introductory statement to the press conference (with Q&A),/press/press_conference/monetary-policy-statement/2012/html/is120906.en.html,0.32293762575452717,0.3911342894393742,-0.3911342894393742,0.04343411690890391,4.343411690890391,0.75,0.0,2.6079978601043274,-0.8247058511679839,-1.130296083526558,-0.4420975554862679,0.4420975554862679
2012-10-04,2012,Introductory statement to the press conference (with Q&A),/press/press_conference/monetary-policy-statement/2012/html/is121004.en.html,0.33081285444234404,0.9456264775413712,-0.1182033096926714,-0.004076312822449945,0.4076312822449945,0.75,0.0,2.49233639877382,-1.0162871382830119,-1.1062024579347853,-1.0460543337444779,0.13075679171805973
2012-11-08,2012,Introductory statement to the press conference (with Q&A),/press/press_conference/monetary-policy-statement/2012/html/is121108.en.html,0.37289812067260136,0.5706134094151213,-0.7132667617689016,-0.020498401767932974,2.0498401767932974,0.75,0.0,2.1973631642029368,-1.1831970479137273,-0.9864500315724607,-0.5628816157332158,0.7036020196665198
2012-12-06,2012,Introductory statement to the press conference (with Q&A),/press/press_conference/monetary-policy-statement/2012/html/is121206.en.html,0.24808429118773948,0.38860103626943004,-0.6476683937823834,0.026259523979996383,2.6259523979996384,0.75,0.0,2.2298911600743265,-1.3501069575444429,-1.3939867067430463,-0.5417046787861579,0.9028411313102631
2013-01-10,2013,Introductory statement to the press conference (with Q&A),/press/press_conference/monetary-policy-statement/2013/html/is130110.en.html,0.3865921787709497,0.47244094488188976,-1.2598425196850394,0.03006423885322615,3.006423885322615,0.75,0.0,1.980198019801982,-1.5170168671751583,-0.9503849432171312,-0.4490007605750226,1.1973353615333937
2013-02-07,2013,Introductory statement to the press conference (with Q&A),/press/press_conference/monetary-policy-statement/2013/html/is130207.en.html,0.34812286689419797,1.0263929618768328,-0.8797653958944283,-0.036160348795236136,3.6160348795236135,0.75,0.0,1.8506190919983956,-1.3631314364862017,-1.055199795732796,-1.0830496437140136,0.9283282660405832
2013-03-07,2013,Introductory statement to the press conference (with Q&A),/press/press_conference/monetary-policy-statement/2013/html/is130307.en.html,0.33756613756613757,0.5291005291005291,-0.6613756613756614,0.046961872520057575,4.696187252005758,0.75,0.0,1.7350157728706739,-1.209246005797245,-1.0859938247088983,-0.5745999072533853,0.7182498840667316
2013-04-04,2013,Introductory statement to the press conference (with Q&A),/press/press_conference/monetary-policy-statement/2013/html/is130404.en.html,0.3237250554323725,0.644122383252818,-0.1610305958132045,0.003817296354584507,0.38172963545845073,0.75,0.0,1.1775480832133756,-1.0553605751082884,-1.1278607177943418,-0.7264803335229255,0.18162008338073138
2013-05-02,2013,Introductory statement to the press conference (with Q&A),/press/press_conference/monetary-policy-statement/2013/html/is130502.en.html,0.36807817589576547,1.9801980198019802,0.49504950495049505,0.038904440944902176,3.8904440944902174,0.75,-0.25,1.414908947988991,-1.0282504707934237,-0.9994599288748566,-1.979128572029419,-0.49478214300735474
2013-06-06,2013,Introductory statement to the press conference (with Q&A),/press/press_conference/monetary-policy-statement/2013/html/is130606.en.html,0.3333333333333333,1.045751633986928,0.39215686274509803,-0.059809634507686595,5.98096345076866,0.5,0.0,1.61269175298282,-1.001140366478559,-1.0986122886681098,-1.1488755959927943,-0.43082834849729795
2013-07-04,2013,Introductory statement to the press conference (with Q&A),/press/press_conference/monetary-policy-statement/2013/html/is130704.en.html,0.4083885209713024,0.2828854314002829,0.0,0.023165094963198817,2.3165094963198816,0.5,0.0,1.5948332674311283,-0.9740302621636943,-0.8955363004047092,-0.2533341726745995,-0.0
2013-08-01,2013,Introductory statement to the press conference (with Q&A),/press/press_conference/monetary-policy-statement/2013/html/is130801.en.html,0.4937655860349127,-0.4424778761061947,-0.7374631268436578,0.016950414128598046,1.6950414128598046,0.5,0.0,1.3392857142857206,-0.9847686496976612,-0.7056943966120339,0.31225415779293536,0.5204235963215589
2013-09-05,2013,Introductory statement to the press conference (with Q&A),/press/press_conference/monetary-policy-statement/2013/html/is130905.en.html,0.4656398104265403,-0.38022813688212925,-1.0139416983523446,0.03795495004921341,3.7954950049213414,0.5,0.0,1.0818561001042726,-0.995507037231628,-0.7643428827266958,0.29062467023828736,0.7749991206354329
2013-10-02,2013,Introductory statement to the press conference (with Q&A),/press/press_conference/monetary-policy-statement/2013/html/is131002.en.html,0.5415162454873647,-1.10803324099723,-1.5235457063711912,-0.010837803931470547,1.0837803931470547,0.5,0.0,0.728218465539654,-1.006245424765595,-0.6133822120910827,0.6796478804333327,0.9345158355958324
2013-11-07,2013,Introductory statement to the press conference (with Q&A),/press/press_conference/monetary-policy-statement/2013/html/is131107.en.html,0.3798767967145791,1.264367816091954,0.3448275862068966,0.0002200374608361394,0.02200374608361394,0.5,-0.25,0.8470158978368669,-0.9382332348998546,-0.9679082980042649,-1.2237921009249326,-0.3337614820704362
2013-12-05,2013,Introductory statement to the press conference (with Q&A),/press/press_conference/monetary-policy-statement/2013/html/is131205.en.html,0.46594594594594596,0.7926023778071334,0.5284015852047557,-0.05836063224285852,5.836063224285852,0.25,0.0,0.84393663983382,-0.8702210450341141,-0.7636856474086774,-0.6052990600332978,-0.40353270668886526
2014-01-09,2014,Introductory statement to the press conference (with Q&A),/press/press_conference/monetary-policy-statement/2014/html/is140109.en.html,0.49761336515513127,-0.13908205841446453,-0.13908205841446453,0.006513796309620868,0.6513796309620867,0.25,0.0,0.7609551298871642,-0.8022088551683737,-0.6979318786832815,0.09706980232034514,0.09706980232034514
2014-02-06,2014,Introductory statement to the press conference (with Q&A),/press/press_conference/monetary-policy-statement/2014/html/is140206.en.html,0.44047619047619047,0.7163323782234957,0.28653295128939826,0.021900365757007517,2.1900365757007516,0.25,0.0,0.7058823529411784,-0.822307953553351,-0.8198988861990892,-0.5873201190537889,-0.23492804762151553
2014-03-06,2014,Introductory statement to the press conference (with Q&A),/press/press_conference/monetary-policy-statement/2014/html/is140306.en.html,0.4672789896670494,0.6090133982947624,-0.12180267965895249,-0.04778000721302025,4.778000721302025,0.25,0.0,0.46511627906977715,-0.8424070519383283,-0.7608287914099078,-0.4633549277770449,0.09267098555540898
2014-04-03,2014,Introductory statement to the press conference (with Q&A),/press/press_conference/monetary-policy-statement/2014/html/is140403.en.html,0.4013230429988975,0.14792899408284024,-0.2958579881656805,-0.002797571125410292,0.2797571125410292,0.25,0.0,0.7112375533428139,-0.8625061503233056,-0.9129885824783959,-0.13505748261514733,0.27011496523029466
2014-05-08,2014,Introductory statement to the press conference (with Q&A),/press/press_conference/monetary-policy-statement/2014/html/is140508.en.html,0.4214689265536723,0.89171974522293,0.3821656050955414,-0.022450342068788307,2.2450342068788305,0.25,0.0,0.4908926495285071,-0.8046188750321074,-0.8640092253641141,-0.7704540863119489,-0.3301946084194067
2014-06-05,2014,Introductory statement to the press conference (with Q&A),/press/press_conference/monetary-policy-statement/2014/html/is140605.en.html,0.24052590873936583,2.1108179419525066,1.2313104661389622,0.005710643107291791,0.5710643107291792,0.25,-0.1,0.4903225806451639,-0.7467315997409093,-1.4249274665926233,-3.00776246246464,-1.7545281031043736
2014-07-03,2014,Introductory statement to the press conference (with Q&A),/press/press_conference/monetary-policy-statement/2014/html/is140703.en.html,0.2859504132231405,0.6954102920723227,0.0,-0.04196167300499803,4.196167300499803,0.15,0.0,0.37623248572911105,-0.6888443244497111,-1.2519368635330623,-0.8706097799256345,-0.0
2014-08-07,2014,Introductory statement to the press conference (with Q&A),/press/press_conference/monetary-policy-statement/2014/html/is140807.en.html,0.5563549160671463,0.13020833333333331,-0.390625,-0.050996989300651746,5.099698930065174,0.15,0.0,0.3627882871209964,-0.6764032322611987,-0.5863488501324915,-0.07634750652766815,0.22904251958300448
2014-09-04,2014,Introductory statement to the press conference (with Q&A),/press/press_conference/monetary-policy-statement/2014/html/is140904.en.html,0.28078358208955223,1.4742014742014742,0.85995085995086,0.004450798554908012,0.44507985549080115,0.15,-0.09999999999999999,0.3223726627981982,-0.6639621400726862,-1.2701710768818717,-1.8724880740273293,-1.0922847098492754
2014-10-02,2014,Introductory statement to the press conference (with Q&A),/press/press_conference/monetary-policy-statement/2014/html/is141002.en.html,0.3780487804878049,0.7022471910112359,-0.2808988764044944,-0.06905301640450195,6.905301640450196,0.05,0.0,0.37438678027370553,-0.6515210478841738,-0.9727320427791069,-0.6830983446482491,0.2732393378592997
2014-11-06,2014,Introductory statement to the press conference (with Q&A),/press/press_conference/monetary-policy-statement/2014/html/is141106.en.html,0.4685466377440347,-0.1295336787564767,-0.6476683937823834,0.009333388588155099,0.9333388588155099,0.05,0.0,0.28427445406382645,-0.5194140963452535,-0.7581196353124835,0.09820202529954451,0.49101012649772247
2014-12-04,2014,Introductory statement to the press conference (with Q&A),/press/press_conference/monetary-policy-statement/2014/html/is141204.en.html,0.38629592850049654,1.2285012285012284,0.2457002457002457,-0.022990773647337166,2.2990773647337166,0.05,0.0,-0.16737479078150486,-0.38730714480633327,-0.9511515491001159,-1.168490846560339,-0.2336981693120678
2015-01-22,2015,Introductory statement to the press conference (with Q&A),/press/press_conference/monetary-policy-statement/2015/html/is150122.en.html,0.2681744749596123,0.7049345417925479,-0.10070493454179255,0.08890499207410608,8.890499207410608,0.05,0.0,-0.5989583333333215,-0.25520019326741306,-1.316117484328053,-0.9277766757599568,0.13253952510856526
2015-03-05,2015,Introductory statement to the press conference (with Q&A),/press/press_conference/monetary-policy-statement/2015/html/is150305.en.html,0.26177174780526735,-0.8454106280193237,-1.328502415458937,0.03043750850720917,3.043750850720917,0.05,0.0,-0.06430041152264421,-0.22121086132855794,-1.3402823465119247,1.133088940287859,1.780568334738064
2015-04-15,2015,Introductory statement to the press conference (with Q&A),/press/press_conference/monetary-policy-statement/2015/html/is150415.en.html,0.412327311370882,-1.4245014245014245,-1.8518518518518516,-0.014880486089334047,1.4880486089334046,0.05,0.0,0.20544427324089565,-0.20421619535913038,-0.8859377999621062,1.2620196580656784,1.6406255554853817
2015-06-03,2015,Introductory statement to the press conference (with Q&A),/press/press_conference/monetary-policy-statement/2015/html/is150603.en.html,0.501187648456057,-0.6476683937823834,-1.2953367875647668,-0.03277169955787017,3.277169955787017,0.05,0.0,0.500770416024654,-0.17572858480701115,-0.6907747002063149,0.4473929405481314,0.8947858810962628
2015-07-16,2015,Introductory statement to the press conference (with Q&A),/press/press_conference/monetary-policy-statement/2015/html/is150716.en.html,0.5197674418604651,-1.797175866495507,-1.6688061617458279,0.08180980250397066,8.180980250397067,0.05,0.0,0.5428460643660316,-0.16148477953095153,-0.6543737946339846,1.1760247913832842,1.0920230205701924
2015-09-03,2015,Introductory statement to the press conference (with Q&A),/press/press_conference/monetary-policy-statement/2015/html/is150903.en.html,0.3460038986354776,0.47562425683709864,-0.11890606420927466,0.00869192799640782,0.869192799640782,0.05,0.0,0.20565552699227663,-0.08903388636447573,-1.061305236255299,-0.504782514271248,0.126195628567812
2015-10-22,2015,Introductory statement to the press conference (with Q&A),/press/press_conference/monetary-policy-statement/2015/html/is151022.en.html,0.44502617801047123,0.39893617021276595,-0.39893617021276595,0.057811678684081304,5.78116786840813,0.05,0.0,0.38585209003214604,-0.05280843978123784,-0.8096221715563133,-0.32298756844001864,0.32298756844001864
2015-12-03,2015,Introductory statement to the press conference (with Q&A),/press/press_conference/monetary-policy-statement/2015/html/is151203.en.html,0.3659695817490494,0.22779043280182232,-0.683371298405467,-0.05303857140654533,5.303857140654533,0.05,0.0,0.24503482073767735,-0.0066005960914476206,-1.005205059009871,-0.22897609544643982,0.6869282863393195
2016-01-21,2016,Introductory statement to the press conference (with Q&A),/press/press_conference/monetary-policy-statement/2016/html/is160121.en.html,0.35238987816307404,0.261437908496732,-0.7843137254901961,-0.03327861950404169,3.327861950404169,0.05,0.0,0.3143830233167444,0.016503325753447484,-1.0430171079118589,-0.2726842112187866,0.8180526336563598
2016-03-10,2016,Introductory statement to the press conference (with Q&A),/press/press_conference/monetary-policy-statement/2016/html/is160310.en.html,0.3278985507246377,1.5217391304347827,0.10869565217391304,0.012061682420623197,1.2061682420623197,0.05,-0.05,-0.05147342684338474,-0.1177069057911003,-1.1150510150112696,-1.6968167619736712,-0.12120119728383365
2016-04-21,2016,Introductory statement to the press conference (with Q&A),/press/press_conference/monetary-policy-statement/2016/html/is160421.en.html,0.3408450704225352,-0.14184397163120568,-1.4184397163120568,0.04445784908547123,4.445784908547123,0.0,0.0,-0.25627883136852825,-0.18481202156337417,-1.0763272438786748,0.15267053104662057,1.5267053104662056
2016-06-02,2016,Introductory statement to the press conference (with Q&A),/press/press_conference/monetary-policy-statement/2016/html/is160602.en.html,0.47692307692307695,-0.37735849056603776,-1.509433962264151,-0.01647596879146515,1.6475968791465152,0.0,0.0,0.03832886163281923,-0.12852113923393915,-0.7404000654104909,0.27939625109829846,1.1175850043931939
2016-07-21,2016,Introductory statement to the press conference (with Q&A),/press/press_conference/monetary-policy-statement/2016/html/is160721.en.html,0.5005370569280344,-1.314060446780552,-1.971090670170828,0.02433713184530424,2.4337131845304243,0.0,0.0,0.16711659596349016,-0.10037569806922164,-0.6920736431514212,0.9094266007246007,1.364139901086901
2016-09-08,2016,Introductory statement to the press conference (with Q&A),/press/press_conference/monetary-policy-statement/2016/html/is160908.en.html,0.4871508379888268,-0.5434782608695652,-1.0869565217391304,-0.009419505798767639,0.9419505798767639,0.0,0.0,0.39763981528988523,0.1464972665579841,-0.7191814749258211,0.390859497242294,0.781718994484588
2016-10-20,2016,Introductory statement to the press conference (with Q&A),/press/press_conference/monetary-policy-statement/2016/html/is161020.en.html,0.5671267252195734,-0.8915304606240713,-1.4858841010401187,0.030523897301214954,3.0523897301214955,0.0,0.0,0.5124919923126248,0.26993374887158694,-0.5671724989579838,0.5056515592493169,0.8427525987488614
2016-12-08,2016,Introductory statement to the press conference (with Q&A),/press/press_conference/monetary-policy-statement/2016/html/is161208.en.html,0.4334811529933481,-0.639386189258312,-1.9181585677749362,0.0677751376973377,6.77751376973377,0.0,0.0,1.0935288820275169,0.551133928678323,-0.835906960077258,0.5344673657782979,1.603402097334894
2017-01-19,2017,Introductory statement to the press conference (with Q&A),/press/press_conference/monetary-policy-statement/2017/html/is170119.en.html,0.4654586636466591,-1.3043478260869565,-2.318840579710145,0.0029837542453312158,0.2983754245331216,0.0,0.0,1.7367458866544672,0.6917340185816911,-0.7647319861077254,0.9974765036187723,1.7732915619889285
2017-03-09,2017,Introductory statement to the press conference (with Q&A),/press/press_conference/monetary-policy-statement/2017/html/is170309.en.html,0.5019157088122606,-0.14970059880239522,-1.1976047904191618,0.011361696868028176,1.1361696868028177,0.0,0.0,1.5449980687524123,0.8859401508633032,-0.6893230841215419,0.10319207846130868,0.8255366276904694
2017-04-27,2017,PRESS CONFERENCE,/press/press_conference/monetary-policy-statement/2017/html/ecb.is170427.en.html,0.017513134851138354,0.0,0.0,0.062430799832380465,6.243079983238046,0.0,0.0,1.8884892086330929,0.9830432170041092,-4.044804116661965,-0.0,-0.0
2017-06-08,2017,PRESS CONFERENCE,/press/press_conference/monetary-policy-statement/2017/html/ecb.is170608.en.html,0.6153846153846154,0.0,0.0,-0.01942154242051323,1.942154242051323,0.0,0.0,1.3026819923371624,1.231122328519992,-0.48550781578170077,-0.0,-0.0
2017-07-20,2017,PRESS CONFERENCE,/press/press_conference/monetary-policy-statement/2017/html/ecb.is170720.en.html,0.6153846153846154,0.0,0.0,-0.017531740762367288,1.7531740762367287,0.0,0.0,1.3347022587268942,1.3551618842779334,-0.48550781578170077,-0.0,-0.0
2017-09-07,2017,PRESS CONFERENCE,/press/press_conference/monetary-policy-statement/2017/html/ecb.is170907.en.html,0.8333333333333334,0.0,0.0,0.027404687166212183,2.7404687166212183,0.0,0.0,1.5587070397342417,1.6715105590542123,-0.1823215567939546,-0.0,-0.0
2017-10-26,2017,PRESS CONFERENCE,/press/press_conference/monetary-policy-statement/2017/html/ecb.is171026.en.html,0.8333333333333334,0.0,0.0,0.012512439882684835,1.2512439882684836,0.0,0.0,1.3766730401529648,1.8296848964423518,-0.1823215567939546,-0.0,-0.0
2017-12-14,2017,PRESS CONFERENCE,/press/press_conference/monetary-policy-statement/2017/html/ecb.is171214.en.html,0.8333333333333334,0.0,0.0,-0.003064836584860211,0.3064836584860211,0.0,0.0,1.3489437515907365,1.642860562418787,-0.1823215567939546,-0.0,-0.0
2018-01-25,2018,PRESS CONFERENCE,/press/press_conference/monetary-policy-statement/2018/html/ecb.is180125.en.html,0.8333333333333334,0.0,0.0,-0.01409015831165231,1.409015831165231,0.0,0.0,1.2963676036452432,1.5494483954070049,-0.1823215567939546,-0.0,-0.0
2018-03-08,2018,PRESS CONFERENCE,/press/press_conference/monetary-policy-statement/2018/html/ecb.is180308.en.html,0.8333333333333334,0.0,0.0,-0.009828640368990636,0.9828640368990637,0.0,0.0,1.3947001394700065,1.6849620009404376,-0.1823215567939546,-0.0,-0.0
2018-04-26,2018,PRESS CONFERENCE,/press/press_conference/monetary-policy-statement/2018/html/ecb.is180426.en.html,0.8333333333333334,0.0,0.0,0.0207197372089827,2.0719737208982703,0.0,0.0,1.2356575463371655,1.752718803707154,-0.1823215567939546,-0.0,-0.0
2018-06-14,2018,PRESS CONFERENCE,/press/press_conference/monetary-policy-statement/2018/html/ecb.is180614.en.html,0.005434782608695652,-0.5813953488372093,-0.813953488372093,-0.013756387350280076,1.3756387350280075,0.0,0.0,1.9667170953101332,1.6146773380160795,-5.214935757608986,3.0319393939587127,4.244715151542198
2018-07-26,2018,PRESS CONFERENCE,/press/press_conference/monetary-policy-statement/2018/html/ecb.is180726.en.html,0.5865724381625441,-0.29027576197387517,-0.7256894049346879,-0.0018812787807469607,0.18812787807469608,0.0,0.0,2.20364741641339,1.5456566051705423,-0.5334591092866945,0.15485024943009998,0.38712562357525
2018-09-13,2018,PRESS CONFERENCE,/press/press_conference/monetary-policy-statement/2018/html/ecb.is180913.en.html,0.5482625482625483,-0.43541364296081275,-0.5805515239477503,0.027801738297700218,2.780173829770022,0.0,0.0,2.0757327965782,1.7282868086750725,-0.601001004098277,0.26168403661753714,0.34891204882338284
2018-10-25,2018,PRESS CONFERENCE,/press/press_conference/monetary-policy-statement/2018/html/ecb.is181025.en.html,0.6413199426111909,-0.15552099533437014,0.0,-0.008697476928960826,0.8697476928960826,0.0,0.0,2.275870740601027,1.8196019104273375,-0.444226816146955,0.06908659660139269,-0.0
2018-12-13,2018,PRESS CONFERENCE,/press/press_conference/monetary-policy-statement/2018/html/ecb.is181213.en.html,0.5171957671957672,0.7153075822603719,0.4291845493562232,-0.04560333913416768,4.560333913416768,0.0,0.0,1.5193370165745845,2.127054878111186,-0.6593338161941672,-0.4716264779643542,-0.2829758867786125
2019-01-24,2019,PRESS CONFERENCE,/press/press_conference/monetary-policy-statement/2019/html/ecb.is190124~cd3821f8f5.en.html,0.5533428165007113,1.8932874354561102,1.0327022375215147,0.0330105601651089,3.30105601651089,0.0,0.0,1.38114546376078,2.2807813619531103,-0.5917775481922185,-1.1204049965773502,-0.6111299981331001
2019-03-07,2019,PRESS CONFERENCE,/press/press_conference/monetary-policy-statement/2019/html/ecb.is190307~de1fdbd0b0.en.html,0.447242206235012,2.2058823529411766,1.1029411764705883,0.023087278339856993,2.3087278339856994,0.0,0.0,1.4005251969488652,2.35924550145968,-0.8046549827149312,-1.7749742265770543,-0.8874871132885271
2019-04-10,2019,PRESS CONFERENCE,/press/press_conference/monetary-policy-statement/2019/html/ecb.is190410~c27197866f.en.html,0.48794489092996557,2.3564064801178204,1.4727540500736376,0.028466566329121874,2.8466566329121874,0.0,0.0,1.7187694607049497,2.3984775712129647,-0.717552807928086,-1.6908460864284796,-1.0567788040177994
2019-06-06,2019,PRESS CONFERENCE,/press/press_conference/monetary-policy-statement/2019/html/ecb.is190606~32b6221806.en.html,0.4181222707423581,0.7151370679380215,0.47675804529201427,0.011461340952641935,1.1461340952641934,0.0,0.0,1.2734915924826895,2.3671942389180836,-0.8719813754934843,-0.6235862041669733,-0.4157241361113155
2019-07-25,2019,PRESS CONFERENCE,/press/press_conference/monetary-policy-statement/2019/html/ecb.is190725~547f29c369.en.html,0.4444444444444444,1.0796221322537112,0.6747638326585695,-0.035047649794331455,3.5047649794331455,0.0,0.0,1.016109045848812,2.3515525727706432,-0.8109302162163288,-0.8754982091404359,-0.5471863807127725
2019-09-12,2019,PRESS CONFERENCE,/press/press_conference/monetary-policy-statement/2019/html/ecb.is190912~658eb51d68.en.html,0.4241823587710605,1.1982570806100217,0.8714596949891068,0.02538089275154951,2.538089275154951,0.0,0.0,0.8380576780872451,2.1240361250536446,-0.8575918247718122,-1.027615476306093,-0.747356710040795
2019-10-24,2019,PRESS CONFERENCE,/press/press_conference/monetary-policy-statement/2019/html/ecb.is191024~78a5550bc1.en.html,0.49737670514165794,0.9790209790209791,0.27972027972027974,-0.00013486301807299345,0.013486301807299345,0.0,0.0,0.7253503811162965,2.0102779011951455,-0.6984075819591256,-0.6837556746452977,-0.1953587641843708
2019-12-12,2019,PRESS CONFERENCE,/press/press_conference/monetary-policy-statement/2019/html/ecb.is191212~c9e1a6ab3e.en.html,0.5821596244131455,0.48602673147023084,0.3645200486026731,0.014575480995859582,1.4575480995859582,0.0,0.0,1.3358070500927743,-0.36087466946709634,-0.5410106001043883,-0.262945613659484,-0.19720921024461296
2020-01-23,2020,PRESS CONFERENCE,/press/press_conference/monetary-policy-statement/2020/html/ecb.is200123~0bc778277b.en.html,0.5988826815642458,0.7317073170731708,0.4878048780487805,-0.030036441907824923,3.0036441907824925,0.0,0.0,1.3623297087863806,-1.5464509547982175,-0.5126895572040533,-0.3751387003932098,-0.2500924669288065
2020-03-12,2020,PRESS CONFERENCE,/press/press_conference/monetary-policy-statement/2020/html/ecb.is200312~f857a21b6c.en.html,0.08827404479578392,3.409858203916273,1.9581363943281564,-0.33895226149046276,33.89522614904627,0.0,0.0,0.7399186089530163,-9.572722439298786,-2.4273091580046637,-8.276780045863303,-4.753002402574966
2020-04-30,2020,PRESS CONFERENCE,/press/press_conference/monetary-policy-statement/2020/html/ecb.is200430~ab3058e07f.en.html,0.11228615863141524,4.148660328435609,2.16076058772688,0.020502802320270862,2.0502802320270863,0.0,0.0,0.3183543528835653,-13.58585818154907,-2.186704678338839,-9.071894949028891,-4.724945285952548
2020-06-04,2020,PRESS CONFERENCE,/press/press_conference/monetary-policy-statement/2020/html/ecb.is200604~b479b8cfff.en.html,0.3285917496443812,2.263779527559055,0.7874015748031495,0.063207756589045,6.3207756589045,0.0,0.0,0.26858747405689165,-6.483262946106076,-1.1129391812888714,-2.5194489340200827,-0.8763300640069852
2020-07-16,2020,PRESS CONFERENCE,/press/press_conference/monetary-policy-statement/2020/html/ecb.is200716~3865f74bf8.en.html,0.41602465331278893,2.3474178403755865,0.4694835680751174,0.036513116789578956,3.6513116789578954,0.0,0.0,0.39254170755642637,-2.931965328384578,-0.8770107577057152,-2.058710698839707,-0.41174213976794144
2020-09-10,2020,PRESS CONFERENCE,/press/press_conference/monetary-policy-statement/2020/html/ecb.is200910~5c43e3a591.en.html,0.41833590138674887,-0.29791459781529295,-1.5888778550148956,-0.003499615153073726,0.34996151530737263,0.0,0.0,-0.3177707162063004,-2.9258350577941648,-0.8714705773300998,0.2596238065531578,1.3846603016168417
2020-10-29,2020,PRESS CONFERENCE,/press/press_conference/monetary-policy-statement/2020/html/ecb.is201029~80b00b5789.en.html,0.3901098901098901,2.587064676616915,1.691542288557214,0.016430079865941444,1.6430079865941445,0.0,0.0,-0.2685219089466728,-2.922769922498958,-0.9413268100354799,-2.435273339395271,-1.5922941065276774
2020-12-10,2020,PRESS CONFERENCE,/press/press_conference/monetary-policy-statement/2020/html/ecb.is201210~9b8e5f3cdd.en.html,0.3287128712871287,2.48868778280543,1.4328808446455505,0.018796441086165926,1.8796441086165925,0.0,0.0,-0.2807274502624191,-2.64418462573938,-1.1125706409188165,-2.7688409615626655,-1.5941811596875954
2021-01-21,2021,PRESS CONFERENCE,/press/press_conference/monetary-policy-statement/2021/html/ecb.is210121~e601112a72.en.html,0.45251396648044695,2.682701202590194,2.0351526364477337,-0.008162311585129063,0.8162311585129064,0.0,0.0,0.912453760789167,-2.5048919773595912,-0.7929366511683161,-2.127212107667083,-1.6137471161612356
2021-03-11,2021,PRESS CONFERENCE,/press/press_conference/monetary-policy-statement/2021/html/ecb.is210311~d368d7151a.en.html,0.46277372262773725,1.6522423288749015,0.865460267505901,0.022147334369428916,2.2147334369428915,0.0,0.0,1.334312645366631,-1.3212081043233088,-0.7705170643849446,-1.2730809088972332,-0.6668519046604557
2021-04-22,2021,PRESS CONFERENCE,/press/press_conference/monetary-policy-statement/2021/html/ecb.is210422~b0ad2d3414.en.html,0.4970282317979198,1.5084294587400178,0.44365572315882873,-0.008486836676527366,0.8486836676527366,0.0,0.0,1.6111314536799703,-0.7293661678051677,-0.6991084500764446,-1.0545557809493842,-0.31016346498511294
2021-06-10,2021,PRESS CONFERENCE,/press/press_conference/monetary-policy-statement/2021/html/ecb.is210610~115f4c0246.en.html,0.4456366237482117,1.328125,0.0,0.005736109685392945,0.5736109685392945,0.0,0.0,1.89942773651528,0.16962886857617343,-0.8082514040063025,-1.0734588959458704,-0.0
2021-07-22,2021,PRESS CONFERENCE,/press/press_conference/monetary-policy-statement/2021/html/ecb.is210722~13e7f5e795.en.html,0.08537350910232266,0.5208333333333333,-0.78125,-0.005400646799911391,0.540064679991139,0.0,0.0,2.162756598240456,0.619126386766844,-2.4607194241739965,-1.281624700090623,1.9224370501359347
2021-09-09,2021,PRESS CONFERENCE,/press/press_conference/monetary-policy-statement/2021/html/ecb.is210909~b2d882f724.en.html,0.2644320297951583,0.6369426751592357,-0.12738853503184713,-0.025006595561038035,2.5006595561038036,0.0,0.0,3.3594899460519745,0.8792400266803095,-1.3301710369076039,-0.8472426986672638,0.16944853973345272
2021-10-28,2021,PRESS CONFERENCE,/press/press_conference/monetary-policy-statement/2021/html/ecb.is211028~939f22970b.en.html,0.22041984732824427,1.3196480938416422,0.43988269794721413,0.01971063917479827,1.9710639174798272,0.0,0.0,4.050911761106346,1.0092968466370422,-1.512221154359194,-1.995599763817118,-0.6651999212723728
2021-12-16,2021,PRESS CONFERENCE,/press/press_conference/monetary-policy-statement/2021/html/ecb.is211216~9abaace28e.en.html,0.164021164021164,1.6814159292035398,1.0619469026548671,-0.00021471483739848515,0.021471483739848515,0.0,0.0,4.969400244798039,1.2263562599502602,-1.807759810574496,-3.039596141673931,-1.9197449315835355
2022-02-03,2022,PRESS CONFERENCE,/press/press_conference/monetary-policy-statement/2022/html/ecb.is220203~ca7001dec0.en.html,0.1656671664167916,1.1396011396011396,0.14245014245014245,-0.0008296854403016148,0.08296854403016148,0.0,0.0,5.877332032678928,1.5040900304178113,-1.7977745249578163,-2.0487458973878248,-0.2560932371734781
2022-03-10,2022,PRESS CONFERENCE,/press/press_conference/monetary-policy-statement/2022/html/ecb.is220310~1bc8c1b1ca.en.html,0.15890850722311398,2.19560878243513,0.8982035928143712,0.010957980536546338,1.0957980536546337,0.0,0.0,7.44141096883304,1.6732940942287537,-1.839426668652863,-4.03866134833962,-1.6521796425025717
2022-04-14,2022,PRESS CONFERENCE,/press/press_conference/monetary-policy-statement/2022/html/ecb.is220414~fa5c8fe142.en.html,0.20935960591133004,3.8997214484679668,3.3426183844011144,-0.019393617580491164,1.9393617580491165,0.0,0.0,7.447447447447453,1.842498158039696,-1.5637019031114163,-6.098001850573769,-5.22685872906323
2022-06-09,2022,PRESS CONFERENCE,/press/press_conference/monetary-policy-statement/2022/html/ecb.is220609~abe7c95b19.en.html,0.17357310398749023,2.4217961654894045,1.4127144298688195,-0.09643738575505659,9.643738575505658,0.0,0.0,8.639024973115061,1.8706884749520352,-1.7511564197065632,-4.240943902417509,-2.4738839430768804
2022-07-21,2022,PRESS CONFERENCE,/press/press_conference/monetary-policy-statement/2022/html/ecb.is220721~51ef267c68.en.html,0.1783625730994152,3.229527104959631,1.845444059976932,0.06314276191471889,6.314276191471889,0.0,0.5,8.86257624686042,1.8847836334082047,-1.7239368728892939,-5.56750085823532,-3.1814290618487546
2022-09-08,2022,PRESS CONFERENCE,/press/press_conference/monetary-policy-statement/2022/html/ecb.is220908~cd8363c58e.en.html,0.18018720748829953,3.262092238470191,2.1372328458942635,0.01657057102590344,1.6570571025903438,0.5,0.75,9.928825622775816,1.5799314323868903,-1.7137589269588218,-5.590439694241375,-3.662701868640902
2022-10-27,2022,PRESS CONFERENCE,/press/press_conference/monetary-policy-statement/2022/html/ecb.is221027~358a06a35f.en.html,0.21778140293637846,3.7125748502994016,2.155688622754491,0.041368270207329555,4.136827020732955,1.25,0.75,10.621030345800996,1.4275053318762332,-1.5242634580959071,-5.65894217975726,-3.285837394697764
2022-12-15,2022,PRESS CONFERENCE,/press/press_conference/monetary-policy-statement/2022/html/ecb.is221215~197ac630ae.en.html,0.19696969696969696,3.173076923076923,1.7307692307692308,-0.015405160467448015,1.5405160467448016,2.0,0.5,9.200093283582088,1.1386678735381868,-1.6247053845648889,-5.155315162561666,-2.81199008867
2023-02-02,2023,PRESS CONFERENCE,/press/press_conference/monetary-policy-statement/2023/html/ecb.is230202~4313651089.en.html,0.25018181818181817,3.6503362151777137,1.8251681075888568,0.026891848971490953,2.6891848971490955,2.5,0.5,8.499366578371514,0.9210272368173141,-1.3855673527272734,-5.05778668622828,-2.52889334311414
2023-03-16,2023,PRESS CONFERENCE,/press/press_conference/monetary-policy-statement/2023/html/ecb.is230316~6c10b087b5.en.html,0.24279210925644917,1.1591148577449948,-0.10537407797681769,-0.020226626481796607,2.0226626481796606,3.0,0.5,6.881043400044984,0.8478053292654645,-1.4155497192686803,-1.6407847114810836,0.1491622464982803
2023-05-04,2023,PRESS CONFERENCE,/press/press_conference/monetary-policy-statement/2023/html/ecb.is230504~f242392c72.en.html,0.23293515358361774,0.3374578177727784,0.0,-0.024592032399063424,2.4592032399063424,3.5,0.25,6.098237055105882,0.6445282306249448,-1.4569951749519983,-0.4916744122447688,-0.0
2023-06-15,2023,PRESS CONFERENCE,/press/press_conference/monetary-policy-statement/2023/html/ecb.is230615~3de9d68335.en.html,0.2611301369863014,1.3847675568743818,0.4945598417408506,-0.009128289130539355,0.9128289130539355,3.75,0.25,5.510338759348876,0.5144730395362747,-1.3427363867807607,-1.859377785848729,-0.6640634949459746
2023-07-27,2023,PRESS CONFERENCE,/press/press_conference/monetary-policy-statement/2023/html/ecb.is230727~e0a11feb2e.en.html,0.2913188647746244,2.0408163265306123,1.3963480128893664,-0.01505716035388141,1.505716035388141,4.0,0.25,5.284552845528467,0.3844178484476046,-1.2333368564729674,-2.5170139928019744,-1.7221674687592456
2023-09-14,2023,PRESS CONFERENCE,/press/press_conference/monetary-policy-statement/2023/html/ecb.is230914~686786984a.en.html,0.3089430894308943,2.2026431718061676,1.3215859030837005,-0.01797586821710157,1.797586821710157,4.25,0.25,4.316391496708749,0.17635774031692364,-1.1745981956460316,-2.5872206952555765,-1.552332417153346
2023-10-26,2023,PRESS CONFERENCE,/press/press_conference/monetary-policy-statement/2023/html/ecb.is231026~c23b4eb5f0.en.html,0.3053505535055351,2.0697167755991286,1.5250544662309369,0.006809775593256545,0.6809775593256545,4.5,0.0,2.8708133971291794,0.07232768625158315,-1.1862948066225285,-2.4552942620727713,-1.8091641931062528
2023-12-14,2023,PRESS CONFERENCE,/press/press_conference/monetary-policy-statement/2023/html/ecb.is231214~df8627de60.en.html,0.2897196261682243,2.5,1.3,0.005138166213454936,0.5138166213454936,4.5,0.0,2.904431393486373,0.015669581174411938,-1.23884162997676,-3.0971040749418997,-1.610494118969788
2024-01-25,2024,PRESS CONFERENCE,/press/press_conference/monetary-policy-statement/2024/html/ecb.is240125~db0f145c32.en.html,0.30266789328426863,3.571428571428571,2.4725274725274726,0.05146237137723082,5.146237137723082,4.5,0.0,2.760834670947032,-0.012659471364173669,-1.1951191363558376,-4.268282629842276,-2.954964897583115
2024-03-07,2024,PRESS CONFERENCE,/press/press_conference/monetary-policy-statement/2024/html/ecb.is240307~314650bd5c.en.html,0.34951456310679613,2.5510204081632653,1.2755102040816326,0.019247851004649305,1.9247851004649306,4.5,0.0,2.4090048390490226,-0.12865975117399842,-1.0512100497735257,-2.681658290238586,-1.340829145119293
2024-04-11,2024,PRESS CONFERENCE,/press/press_conference/monetary-policy-statement/2024/html/ecb.is240411~9974984b58.en.html,0.3485169491525424,1.2254901960784315,0.7352941176470588,-0.03052248558835889,3.052248558835889,4.5,0.0,2.3520802843403743,-0.1866598910789108,-1.0540684153801287,-1.2917505090442756,-0.7750503054265652
2024-06-06,2024,PRESS CONFERENCE,/press/press_conference/monetary-policy-statement/2024/html/ecb.is240606~d32cd6cc8a.en.html,0.3147632311977716,0.7368421052631579,0.10526315789473684,-0.014523368016899754,1.4523368016899754,4.5,-0.25,2.50182424684664,-0.1372343196755684,-1.1559345697759382,-0.851741261940165,-0.12167732313430928
2024-07-18,2024,PRESS CONFERENCE,/press/press_conference/monetary-policy-statement/2024/html/ecb.is240718~6600b4add6.en.html,0.3973634651600753,0.4689331770222743,0.3516998827667058,-0.037855704187060274,3.7855704187060275,4.25,0.0,2.5774809558593237,-0.11252153397389719,-0.9229038877658724,-0.432780252176259,-0.3245851891321943
2024-09-12,2024,PRESS CONFERENCE,/press/press_conference/monetary-policy-statement/2024/html/ecb.is240912~4f7b17040c.en.html,0.3145869947275923,2.5227043390514634,1.7154389505549947,0.01058485411981279,1.058485411981279,4.25,-0.6000000000000001,1.727526637012522,-0.09912541047049454,-1.156494628285576,-2.9174940168657315,-1.983895931468697
2024-10-17,2024,PRESS CONFERENCE,/press/press_conference/monetary-policy-statement/2024/html/ecb.is241017~59ad385bab.en.html,0.3598173515981735,1.596351197263398,0.5701254275940707,-0.016532813531051908,1.6532813531051909,3.65,-0.25,1.9948320413436749,-0.09242734871879321,-1.0221587329526673,-1.6317243171422284,-0.582758684693653
2024-12-12,2024,PRESS CONFERENCE,/press/press_conference/monetary-policy-statement/2024/html/ecb.is241212~ce143b3bc8.en.html,0.28631756756756754,2.198852772466539,1.147227533460803,-0.012701209169102726,1.2701209169102727,3.4,-0.25,2.4281415378229587,0.06289097345568706,-1.2506537080635007,-2.7500033733709865,-1.4347843687152972
2025-01-30,2025,PRESS CONFERENCE,/press/press_conference/monetary-policy-statement/2025/html/ecb.is250130~1f418aa0f4.en.html,0.4275161588180979,2.092511013215859,0.881057268722467,0.027377465805259883,2.737746580525988,3.15,-0.25,2.499218994064356,0.1405501345429272,-0.8497631929147564,-1.7781388397996005,-0.7486900378103581
2025-03-06,2025,PRESS CONFERENCE,/press/press_conference/monetary-policy-statement/2025/html/ecb.is250306~4307bd0941.en.html,0.3291139240506329,2.095808383233533,0.998003992015968,-0.03726708471022378,3.7267084710223783,2.9,-0.25,2.1674370826913147,-0.0044602539825078225,-1.1113513144455396,-2.329179401532568,-1.1091330483488417
2025-04-17,2025,PRESS CONFERENCE,/press/press_conference/monetary-policy-statement/2025/html/ecb.is250417~091c625eb6.en.html,0.2693947144075021,1.6042780748663104,0.9625668449197862,0.10739115109979303,10.739115109979302,2.65,-0.25,2.1550403431723097,-0.07696544824522533,-1.3115776350665633,-2.104135243422294,-1.2624811460533765
2025-06-05,2025,PRESS CONFERENCE,/press/press_conference/monetary-policy-statement/2025/html/ecb.is250605~f00a36ef2b.en.html,0.3299057412167952,0.940733772342427,0.658513640639699,-0.028314430934139136,2.8314430934139136,2.4,-0.25,1.9627783992677728,-0.11524842634849838,-1.1089482979987717,-1.0432251157090984,-0.730257580996369
2025-07-24,2025,PRESS CONFERENCE,/press/press_conference/monetary-policy-statement/2025/html/ecb.is250724~a66e730494.en.html,0.31282952548330406,0.9779951100244498,0.36674816625916873,-0.0013943720616254353,0.13943720616254351,2.15,0.0,2.0142421159715207,-0.1343899154001349,-1.1620968838342458,-1.1365250697645435,-0.4261969011617039
2025-09-11,2025,PRESS CONFERENCE,/press/press_conference/monetary-policy-statement/2025/html/ecb.is250911~a13675b834.en.html,0.37399193548387094,0.6976744186046512,0.5813953488372093,0.018564464257701925,1.8564464257701925,2.15,0.0,2.2167988610941602,-0.2426965836759128,-0.9835210446774377,-0.6861774730307705,-0.5718145608589754
2025-10-30,2025,PRESS CONFERENCE,/press/press_conference/monetary-policy-statement/2025/html/ecb.is251030~4f74dde15e.en.html,0.3296296296296296,1.5151515151515151,0.974025974025974,-0.010152291717664476,1.0152291717664474,2.15,0.0,2.0774219700040453,-0.29684991781380177,-1.109785589266235,-1.681493317070053,-1.080959989545034
2025-12-18,2025,PRESS CONFERENCE,/press/press_conference/monetary-policy-statement/2025/html/ecb.is251218~3a10402adb.en.html,0.2961672473867596,1.5217391304347827,0.5434782608695652,0.008282122149745007,0.8282122149745007,2.15,0.0,1.9349609968595027,-0.4360011063099023,-1.2168309592693045,-1.851699285844594,-0.6613211735159263
2026-02-05,2026,PRESS CONFERENCE,/press/press_conference/monetary-policy-statement/2026/html/ecb.is260205~50858cb986.en.html,0.3317307692307692,0.9626955475330927,0.0,0.009777425431552595,0.9777425431552595,2.15,0.0,1.8715225088518084,-0.5055767005579526,-1.1034315751040586,-1.0622686643601047,-0.0
2026-03-19,2026,PRESS CONFERENCE,/press/press_conference/monetary-policy-statement/2026/html/ecb.is260319~93b1cbad97.en.html,0.2606873428331936,1.3863216266173752,0.9242144177449169,-0.04470273868761354,4.470273868761354,2.15,0.0,2.5336818821636964,-0.5055767005579526,-1.344433509918682,-1.8638172503493742,-1.2425448335662495
2026-04-30,2026,PRESS CONFERENCE,/press/press_conference/monetary-policy-statement/2026/html/ecb.is260430~f99cb123a8.en.html,0.34933774834437087,1.9940179461615155,1.5952143569292123,-0.007443202220508132,0.7443202220508132,2.15,0.0,2.9994001199760145,-0.5055767005579526,-1.0517160644587484,-2.0971407067971057,-1.6777125654376843
