date,year,title,link,similarity_sklearn,pessimism_raw,pessimism_final,CAR,ABS_CAR,MRO,DELTA_MRO,INFLATION,OUTPUT_GAP,log_similarity,Interaction_Pess_Sim
1999-11-04,1999,ECB Press conference: Introductory statement,/press/press_conference/monetary-policy-statement/1999/html/is991104.en.html,0.0,-0.3870967741935484,-0.6451612903225806,,,2.5,0.0,1.5066573230553493,0.5055708249900093,0.0,-0.0
2000-01-05,2000,ECB Press conference: Introductory statement,/press/press_conference/monetary-policy-statement/2000/html/is000105.en.html,0.06739679865206402,-0.8264462809917356,-1.9834710743801653,,,3.0,0.5,1.927457508323105,0.9185812533784699,0.06522278571147101,-0.1293675088491987
2000-02-03,2000,ECB Press conference: Introductory statement,/press/press_conference/monetary-policy-statement/2000/html/is000203.en.html,0.10069101678183613,-3.5031847133757963,-3.662420382165605,,,3.0,0.0,2.027972027972025,1.0123246660591907,0.09593817964553575,-0.35136594456167547
2000-03-02,2000,ECB Press conference: Introductory statement,/press/press_conference/monetary-policy-statement/2000/html/is000302.en.html,0.11643192488262911,-1.5759312320916905,-1.5759312320916905,,,3.25,0.25,2.073893342628086,1.1060680787399118,0.11013781854725635,-0.17356962808306875
2000-05-11,2000,ECB Press conference: Introductory statement,/press/press_conference/monetary-policy-statement/2000/html/is000511.en.html,0.09584664536741214,-3.9719626168224296,-4.672897196261682,,,3.75,0.5,1.8566718722887288,1.2207054918873084,0.0915272566257867,-0.4276974608681622
2000-06-08,2000,ECB Press conference: Introductory statement,/press/press_conference/monetary-policy-statement/2000/html/is000608.en.html,0.08607021517553794,-1.2345679012345678,-2.1604938271604937,,,3.75,0.0,2.221450885109344,1.2415994923539841,0.0825658742794782,-0.17838306171492202
2000-07-06,2000,ECB Press conference: Introductory statement,/press/press_conference/monetary-policy-statement/2000/html/is000706.en.html,0.11295034079844206,-0.8077544426494345,-1.615508885298869,,,4.25,0.5,2.1486744065153385,1.26249349282066,0.10701445386625243,-0.17288280107633672
2000-09-14,2000,ECB Press conference: Introductory statement,/press/press_conference/monetary-policy-statement/2000/html/is000914.en.html,0.13695090439276486,-0.24154589371980675,-0.7246376811594203,,,4.25,0.0,2.4727650008645963,1.1882635861646544,0.12835003388252506,-0.09300727092936598
2000-10-05,2000,ECB Press conference: Introductory statement,/press/press_conference/monetary-policy-statement/2000/html/is001005.en.html,0.06320907617504051,1.1419249592169658,0.0,,,4.25,0.0,2.471482889733845,1.1511486328366516,0.06129176503870122,0.0
2000-11-02,2000,ECB Press conference: Introductory statement,/press/press_conference/monetary-policy-statement/2000/html/is001102.en.html,0.06721162579473206,-1.0447761194029852,-1.4925373134328357,,,4.25,0.0,2.537107352433554,1.328498249125983,0.06504928985557937,-0.09708849232176024
2000-12-14,2000,ECB Press conference: Introductory statement,/press/press_conference/monetary-policy-statement/2000/html/is001214.en.html,0.07266982622432859,0.35211267605633806,0.4694835680751174,,,4.25,0.0,2.5623387790197905,1.5058478654153145,0.07015070541451994,0.03293460348099528
2001-02-01,2001,Introductory statement,/press/press_conference/monetary-policy-statement/2001/html/is010201.en.html,0.06245407788390889,0.5221932114882507,0.0,,,4.25,0.0,2.073337902673056,1.5164179561747204,0.06058140006724392,0.0
2001-04-11,2001,Introductory statement,/press/press_conference/monetary-policy-statement/2001/html/is010411.en.html,0.0811044003451251,1.839464882943144,0.6688963210702341,,,4.25,0.0,2.780620948481749,1.1828589051148697,0.07798311155631658,0.052162616425629825
2001-05-10,2001,Introductory statement,/press/press_conference/monetary-policy-statement/2001/html/is010510.en.html,0.13725490196078433,-1.7711171662125342,-0.13623978201634876,,,4.25,0.0,3.1175468483815916,1.0791862936790981,0.12861737782209356,-0.017522803517996396
2001-08-30,2001,Introductory statement,/press/press_conference/monetary-policy-statement/2001/html/is010830.en.html,0.08767123287671233,2.3769100169779285,0.8488964346349746,,,4.25,0.0,2.440677966101701,0.6847333035436757,0.08403892710469892,0.07134034558972743
2002-06-06,2002,Introductory statement,/press/press_conference/monetary-policy-statement/2002/html/is020606.en.html,0.07223942208462332,-0.5524861878453038,-1.4732965009208103,,,4.25,0.0,1.8802572983671384,0.016039951873144297,0.06974937920846115,-0.10276151632922453
2006-02-02,2006,Introductory statement with Q&A,/press/press_conference/monetary-policy-statement/2006/html/is060202.en.html,0.04014272970561998,-0.6666666666666667,-1.866666666666667,,,4.25,0.0,2.3578363384188616,0.15110983988127677,0.03935794383827777,-0.07346816183145186
2006-06-08,2006,Introductory statement with Q&A,/press/press_conference/monetary-policy-statement/2006/html/is060608.en.html,0.12975912975912976,-0.995575221238938,-2.101769911504425,,,4.25,0.0,2.474946856969318,0.7210018039630247,0.12200445049733802,-0.2564252831249361
2007-03-08,2007,Introductory statement with Q&A,/press/press_conference/monetary-policy-statement/2007/html/is070308.en.html,0.13985554826001312,-2.087114337568058,-2.631578947368421,,,4.25,0.0,1.9607843137254832,2.245648058256281,0.13090154232513365,-0.344477742960878
2007-04-12,2007,Introductory statement with Q&A,/press/press_conference/monetary-policy-statement/2007/html/is070412.en.html,0.32823259372609026,-1.5135135135135136,-2.3783783783783785,,,4.25,0.0,1.9330855018587334,2.37905596340493,0.28384918159607353,-0.6751007562284992
2007-05-10,2007,Introductory statement with Q&A,/press/press_conference/monetary-policy-statement/2007/html/is070510.en.html,0.3427856547122602,0.10537407797681769,-0.6322444678609063,,,4.25,0.0,1.883155397390257,2.4319218867339267,0.2947463029509944,-0.18635171946322093
2007-06-06,2007,Introductory statement with Q&A,/press/press_conference/monetary-policy-statement/2007/html/is070606.en.html,0.29680696661828737,-1.832460732984293,-2.2687609075043627,,,4.25,0.0,1.9113942806341822,2.4847878100629237,0.25990506358582416,-0.5896624479259535
2007-07-05,2007,Introductory statement with Q&A,/press/press_conference/monetary-policy-statement/2007/html/is070705.en.html,0.4436564223798266,-2.0428015564202333,-1.9455252918287937,,,4.25,0.0,1.794985907135449,2.5376537333919202,0.3671790775196879,-0.7143561819449181
2007-09-06,2007,Introductory statement with Q&A,/press/press_conference/monetary-policy-statement/2007/html/is070906.en.html,0.14056224899598393,-0.2008032128514056,-0.6024096385542169,,,4.25,0.0,2.1639247072773093,2.7543318066506117,0.13152134169649843,-0.07922972391355328
2007-10-04,2007,Introductory statement with Q&A,/press/press_conference/monetary-policy-statement/2007/html/is071004.en.html,0.21684981684981686,-0.8072653884964682,-1.0090817356205852,,,4.25,0.0,2.5766326077298896,2.8626708432799575,0.19626540199423478,-0.1980478324866143
2007-11-08,2007,Introductory statement with Q&A,/press/press_conference/monetary-policy-statement/2007/html/is071108.en.html,0.4111295681063123,-0.3875968992248062,-0.7751937984496124,,,4.25,0.0,3.1088082901554515,3.0242234816846882,0.34439049580316566,-0.2669693765916013
2007-12-06,2007,Introductory statement with Q&A,/press/press_conference/monetary-policy-statement/2007/html/is071206.en.html,0.29797979797979796,0.5489478499542544,-0.18298261665141813,,,4.25,0.0,3.1116354519982403,3.1857761200894195,0.26080905420068456,-0.047723523184022794
2008-01-10,2008,Introductory statement with Q&A,/press/press_conference/monetary-policy-statement/2008/html/is080110.en.html,0.34552529182879377,-0.7391763463569165,-1.1615628299894403,,,4.25,0.0,3.2755298651252485,3.3473287584941502,0.2967844883539703,-0.34473383018940584
2008-02-07,2008,Introductory statement with Q&A,/press/press_conference/monetary-policy-statement/2008/html/is080207.en.html,0.36175710594315247,0.6711409395973155,-0.33557046979865773,,,4.25,0.0,3.3249593616077933,3.146978846123124,0.30877585551158054,-0.10361605889650355
2008-03-06,2008,Introductory statement with Q&A,/press/press_conference/monetary-policy-statement/2008/html/is080306.en.html,0.3488569009314141,0.7984031936127743,0.09980039920159679,,,4.25,0.0,3.6553141514973575,2.946628933752097,0.29925749371268623,0.029866017336595427
2008-04-10,2008,Introductory statement with Q&A,/press/press_conference/monetary-policy-statement/2008/html/is080410.en.html,0.4210069444444444,0.9871668311944718,0.3948667324777887,-0.01255310050430385,1.255310050430385,4.25,0.0,3.3406272793581326,2.7462790213810706,0.3513657361152983,0.1387426401245008
2008-05-08,2008,Introductory statement with Q&A,/press/press_conference/monetary-policy-statement/2008/html/is080508.en.html,0.4465682015638575,1.85546875,0.9765625,0.026990896937734793,2.6990896937734794,4.25,0.0,3.7403580264881553,2.5405157020890337,0.36919399369266154,0.3605410094654898
2008-06-05,2008,Introductory statement with Q&A,/press/press_conference/monetary-policy-statement/2008/html/is080605.en.html,0.3333333333333333,1.5599343185550083,0.7389162561576355,-0.04248918119972932,4.248918119972932,4.25,0.0,4.041872637394595,2.334752382796997,0.2876820724517809,0.21257295993973957
2008-07-03,2008,Introductory statement with Q&A,/press/press_conference/monetary-policy-statement/2008/html/is080703.en.html,0.3147039254823686,0.4306632213608958,-0.34453057708871665,-0.06889512035902079,6.889512035902079,4.25,0.0,4.124162051879909,2.12898906350496,0.27361148855483863,-0.09426752404990134
2008-08-07,2008,Introductory statement with Q&A,/press/press_conference/monetary-policy-statement/2008/html/is080807.en.html,0.3797564687975647,1.3220018885741265,0.4721435316336166,0.01717155843657431,1.7171558436574312,4.25,0.0,3.9027231687781994,1.534555813495627,0.32190701171029523,0.15198631336652277
2008-09-04,2008,Introductory statement with Q&A,/press/press_conference/monetary-policy-statement/2008/html/is080904.en.html,0.3449074074074074,0.8688097306689836,-0.26064291920069504,-0.010845061820678724,1.0845061820678725,4.25,0.0,3.7139126650224785,0.9401225634862935,0.2963251686078009,-0.07723505697857538
2008-10-02,2008,Introductory statement with Q&A,/press/press_conference/monetary-policy-statement/2008/html/is081002.en.html,0.2896440129449838,2.9896907216494846,2.1649484536082473,-0.1554362623851666,15.543626238516662,4.25,0.0,3.2337231124585086,0.3456893134769601,0.2543662213325243,0.5506897575240216
2008-11-06,2008,Introductory statement with Q&A,/press/press_conference/monetary-policy-statement/2008/html/is081106.en.html,0.17313915857605178,1.088139281828074,-0.544069640914037,-0.01872622503164793,1.872622503164793,3.75,-0.5,2.182340272792538,-0.6993723321979672,0.159683197396984,-0.08687877986778236
2008-12-04,2008,Introductory statement with Q&A,/press/press_conference/monetary-policy-statement/2008/html/is081204.en.html,0.19629057187017002,3.4907597535934287,1.5400410677618068,0.06413274618459364,6.413274618459363,3.25,-0.5,1.659038901601817,-1.7444339778728946,0.17922557908882655,0.2760147521901846
2009-01-15,2009,Introductory statement with Q&A,/press/press_conference/monetary-policy-statement/2009/html/is090115.en.html,0.27743431221020093,4.194470924690181,3.0505243088655862,-0.1330539490007423,13.30539490007423,2.5,-0.75,1.176808266360485,-2.789495623547822,0.2448536227601783,0.7469319283437279
2009-02-05,2009,Introductory statement with Q&A,/press/press_conference/monetary-policy-statement/2009/html/is090205.en.html,0.31650641025641024,4.11522633744856,2.880658436213992,-0.0171574254814717,1.71574254814717,2.0,-0.5,1.2442791762013794,-2.7957504685369137,0.2749815691078951,0.7921279768540189
2009-03-05,2009,Introductory statement with Q&A,/press/press_conference/monetary-policy-statement/2009/html/is090305.en.html,0.16406829992576094,4.239130434782608,3.152173913043478,0.021826917617906876,2.1826917617906876,2.0,0.0,0.6231411981305834,-2.802005313526005,0.15192102449998918,0.47888149027170496
2009-04-02,2009,Introductory statement with Q&A,/press/press_conference/monetary-policy-statement/2009/html/is090402.en.html,0.2672645739910314,3.850782190132371,3.2490974729241873,0.07491511014091969,7.4915110140919685,1.5,-0.5,0.6493506493506329,-2.808260158515097,0.2368606987903083,0.7695834978746477
2009-05-07,2009,Introductory statement with Q&A,/press/press_conference/monetary-policy-statement/2009/html/is090507.en.html,0.30886075949367087,3.245614035087719,1.8421052631578945,0.06752902693664725,6.752902693664725,1.25,-0.25,0.08417508417508657,-2.6923238556978055,0.26915710960730727,0.495815728223987
2009-06-04,2009,Introductory statement with Q&A,/press/press_conference/monetary-policy-statement/2009/html/is090604.en.html,0.24108416547788872,2.823315118397086,0.819672131147541,0.05604793230342073,5.604793230342072,1.0,-0.25,-0.11179429849077493,-2.576387552880514,0.2159853246140393,0.17703715132298303
2009-07-02,2009,Introductory statement with Q&A,/press/press_conference/monetary-policy-statement/2009/html/is090702.en.html,0.33306451612903226,2.321262766945218,0.6499535747446611,-0.024661941213212128,2.466194121321213,1.0,0.0,-0.6158152554233687,-2.4604512500632225,0.2874804392219416,0.18684893914146622
2009-08-06,2009,Introductory statement with Q&A,/press/press_conference/monetary-policy-statement/2009/html/is090806.en.html,0.41415929203539825,2.649656526005888,1.8645731108930326,0.05703190525807354,5.703190525807354,1.0,0.0,-0.14015416958653715,-2.319822016077685,0.3465352146198337,0.646140243157688
2009-09-03,2009,Introductory statement with Q&A,/press/press_conference/monetary-policy-statement/2009/html/is090903.en.html,0.3114503816793893,-0.0835421888053467,-0.9189640768588136,0.034114584696505065,3.4114584696505066,1.0,0.0,-0.32172331794655395,-2.1791927820921466,0.2711336863490035,-0.2491621177810391
2009-10-08,2009,Introductory statement with the Q&A,/press/press_conference/monetary-policy-statement/2009/html/is091008.en.html,0.40536149471974003,-0.6072874493927125,-1.214574898785425,0.02885881168162808,2.885881168162808,1.0,0.0,-0.12585652356313926,-2.038563548106609,0.3402945613073711,-0.4133132323571309
2009-11-05,2009,Introductory statement with the Q&A,/press/press_conference/monetary-policy-statement/2009/html/is091105.en.html,0.42142230026338895,0.4826254826254826,-0.5791505791505791,0.03391235010488116,3.391235010488116,1.0,0.0,0.47772938035690604,-1.9135684488603626,0.351657990230453,-0.20366292870489555
2009-12-03,2009,Introductory statement with the Q&A,/press/press_conference/monetary-policy-statement/2009/html/is091203.en.html,0.3384146341463415,1.1945392491467577,0.0,-0.027096770194924853,2.7096770194924855,1.0,0.0,0.9144625773776172,-1.788573349614116,0.29148580469102764,0.0
2010-01-14,2010,Introductory statement with Q&A,/press/press_conference/monetary-policy-statement/2010/html/is100114.en.html,0.3262773722627737,1.285583103764922,0.5509641873278237,-0.06097785428478567,6.097785428478567,1.0,0.0,0.9219858156028549,-1.6635782503678698,0.2823760495740006,0.1555790906743805
2010-02-04,2010,Introductory statement with Q&A,/press/press_conference/monetary-policy-statement/2010/html/is100204.en.html,0.4061433447098976,1.8008474576271187,1.1652542372881356,-0.05207603277525328,5.207603277525328,1.0,0.0,0.8193247633846656,-1.360705669170592,0.3408507403324591,0.397177769455196
2010-03-04,2010,Introductory statement with Q&A,/press/press_conference/monetary-policy-statement/2010/html/is100304.en.html,0.3843566021867115,1.7179023508137432,0.9041591320072333,0.030929151759610744,3.0929151759610742,1.0,0.0,1.5622800844475648,-1.0578330879733144,0.3252354845462333,0.2940646334052742
2010-04-08,2010,Introductory statement with Q&A,/press/press_conference/monetary-policy-statement/2010/html/is100408.en.html,0.35913806863527536,1.693227091633466,0.9960159362549801,0.008127735442938207,0.8127735442938208,1.0,0.0,1.6129032258064502,-0.7549605067760368,0.30685072576662,0.3056282129149601
2010-05-06,2010,Introductory statement with Q&A,/press/press_conference/monetary-policy-statement/2010/html/is100506.en.html,0.2636854279105628,1.3207547169811322,1.1320754716981132,-0.06432735443640972,6.432735443640972,1.0,0.0,1.6820857863750982,-0.6205339895397325,0.2340323944273858,0.26494233331402167
2010-06-10,2010,Introductory statement with Q&A,/press/press_conference/monetary-policy-statement/2010/html/is100610.en.html,0.33996815286624205,1.328609388839681,0.354295837023915,0.036742114836653725,3.6742114836653723,1.0,0.0,1.4829322887520924,-0.48610747230342827,0.292645847162662,0.10368320537206803
2010-07-08,2010,Introductory statement with Q&A,/press/press_conference/monetary-policy-statement/2010/html/is100708.en.html,0.41903171953255425,1.3500482160077145,0.7714561234329798,0.036531858799633846,3.6531858799633845,1.0,0.0,1.718067877763696,-0.35168095506712405,0.34997475136891276,0.26999016499048234
2010-08-05,2010,Introductory statement with Q&A,/press/press_conference/monetary-policy-statement/2010/html/is100805.en.html,0.5455399061032864,0.682261208576998,-0.09746588693957114,-0.013058598124511238,1.3058598124511238,1.0,0.0,1.5719298245614022,-0.1660738222184932,0.43537330309348965,-0.0424340451358177
2010-09-02,2010,Introductory statement with Q&A,/press/press_conference/monetary-policy-statement/2010/html/is100902.en.html,0.36447039199332776,-0.09487666034155598,-0.6641366223908919,0.07430292313049264,7.4302923130492635,1.0,0.0,1.8804378332865301,0.019533310630137635,0.3107663621351781,-0.20639132210116196
2010-10-07,2010,Introductory statement with Q&A,/press/press_conference/monetary-policy-statement/2010/html/is101007.en.html,0.39215686274509803,0.7343941248470013,-0.24479804161566704,0.0320487668099046,3.20487668099046,1.0,0.0,1.9462335480257664,0.20514044347876847,0.3308542443169896,-0.0809924710690305
2010-11-04,2010,Introductory statement with Q&A,/press/press_conference/monetary-policy-statement/2010/html/is101104.en.html,0.5143487858719646,0.4645760743321719,-0.34843205574912894,0.006076730829309678,0.6076730829309678,1.0,0.0,1.915815969794421,0.5057844533971216,0.4149855022428512,-0.1445942516525614
2010-12-02,2010,Introductory statement with Q&A,/press/press_conference/monetary-policy-statement/2010/html/is101202.en.html,0.36467486818980666,0.2918287937743191,-0.48638132295719844,0.03143406977011248,3.1434069770112485,1.0,0.0,2.216645754914248,0.8064284633154747,0.3109162084624108,-0.15122383680078347
2011-01-13,2011,Introductory statement to the press conference (with Q&A),/press/press_conference/monetary-policy-statement/2011/html/is110113.en.html,0.39137785291631444,-0.802407221664995,-1.3039117352056169,0.03532288397678536,3.532288397678536,1.0,0.0,2.319044272663384,1.1070724732338277,0.33029451725862835,-0.43067489712759965
2011-02-03,2011,Introductory statement to the press conference (with Q&A),/press/press_conference/monetary-policy-statement/2011/html/is110203.en.html,0.4970472440944882,-0.43956043956043955,-1.3186813186813187,0.016450465362109173,1.6450465362109172,1.0,0.0,2.437999159310622,1.0827231815312643,0.40349466412086565,-0.5320808757637788
2011-03-03,2011,Introductory statement to the press conference (with Q& A),/press/press_conference/monetary-policy-statement/2011/html/is110303.en.html,0.3145884270578647,-1.519213583556747,-2.234137622877569,-0.014613356437799853,1.4613356437799854,1.0,0.0,2.674611973392471,1.058373889828701,0.2735236334142974,-0.611089440157054
2011-04-07,2011,Introductory statement to the press conference (with Q&A),/press/press_conference/monetary-policy-statement/2011/html/is110407.en.html,0.38580750407830344,-0.09718172983479105,-1.2633624878522838,-0.00557014229997649,0.557014229997649,1.0,0.0,2.843340234644587,1.0340245981261376,0.32628300517577535,-0.41221370916278716
2011-05-05,2011,Introductory statement to the press conference (with Q&A),/press/press_conference/monetary-policy-statement/2011/html/is110505.en.html,0.4547848990342406,-0.35810205908683973,-1.1638316920322291,-0.025944618840592307,2.5944618840592306,1.25,0.25,2.7295285359801413,1.0184048070176033,0.37485805397938077,-0.4362716832347314
2011-06-09,2011,Introductory statement to the press conference (with Q&A),/press/press_conference/monetary-policy-statement/2011/html/is110609.en.html,0.4,0.0,-1.06951871657754,-0.02125736067206331,2.125736067206331,1.25,0.0,2.7157430383236925,1.002785015909069,0.33647223662121295,-0.359863354675094
2011-07-07,2011,Introductory statement to the press conference (with Q&A),/press/press_conference/monetary-policy-statement/2011/html/is110707.en.html,0.4120247568523431,0.0,-1.0460251046025104,-0.06629799384064844,6.629799384064844,1.25,0.0,2.5751072961373467,0.9871652248005347,0.345024672098892,-0.36090446872269033
2011-08-04,2011,Introductory statement to the press conference (with Q&A),/press/press_conference/monetary-policy-statement/2011/html/is110804.en.html,0.35283842794759823,0.0,-0.6422018348623854,-0.21330235779519457,21.33023577951946,1.5,0.25,2.5563078623739077,0.8608251405246273,0.3022049244285286,-0.19407655697244955
2011-09-08,2011,Introductory statement to the press conference (with Q&A),/press/press_conference/monetary-policy-statement/2011/html/is110908.en.html,0.24819855884707767,0.6166495375128468,-0.513874614594039,-0.06509965132597474,6.509965132597475,1.5,0.0,2.988980716253442,0.73448505624872,0.22170135893219886,-0.1139267003762584
2011-10-06,2011,Introductory statement to the press conference (with Q&A),/press/press_conference/monetary-policy-statement/2011/html/is111006.en.html,0.27967257844474763,0.28632784538296346,-0.21474588403722264,0.07010697052315201,7.0106970523152015,1.5,0.0,3.0490317264112,0.6081449719728127,0.2466042471195732,-0.05295724705502646
2011-11-03,2011,Introductory statement to the press conference (with Q&A),/press/press_conference/monetary-policy-statement/2011/html/is111103.en.html,0.27104722792607805,1.2332990750256936,0.41109969167523125,-0.020988587337101298,2.09885873371013,1.5,0.0,3.032381997804623,0.4983024193484435,0.23984114960200634,0.09859862265241781
2011-12-08,2011,Introductory statement to the press conference (with Q&A),/press/press_conference/monetary-policy-statement/2011/html/is111208.en.html,0.25603112840466924,2.6217228464419478,1.4044943820224718,-0.032561000160897496,3.2561000160897495,1.25,-0.25,2.755046372067671,0.3884598667240743,0.2279568515005739,0.3201641172760869
2012-01-12,2012,Introductory statement to the press conference (with Q&A),/press/press_conference/monetary-policy-statement/2012/html/is120112.en.html,0.3422594142259414,2.1788990825688073,0.8027522935779817,0.044194580205101114,4.4194580205101115,1.0,-0.25,2.6648351648351554,0.278617314099705,0.29435432406084877,0.23629360876444283
2012-02-09,2012,Introductory statement to the press conference (with Q&A),/press/press_conference/monetary-policy-statement/2012/html/is120209.en.html,0.2550529355149182,2.522255192878338,1.9287833827893175,0.024577580020864395,2.4577580020864396,1.0,0.0,2.7356038845575137,0.12395933957100405,0.22717775138737087,0.43817667181540376
2012-03-08,2012,Introductory statement to the press conference (with Q&A),/press/press_conference/monetary-policy-statement/2012/html/is120308.en.html,0.24356223175965666,-0.7462686567164178,-1.3432835820895521,0.04590101736543335,4.590101736543335,1.0,0.0,2.685922526656759,-0.030698634957696924,0.21798002865416052,-0.29280899371454394
2012-04-04,2012,Introductory statement to the press conference (with Q&A),/press/press_conference/monetary-policy-statement/2012/html/is120404.en.html,0.33643771827706637,0.3091190108191654,0.0,-0.08659749949920675,8.659749949920675,1.0,0.0,2.5768353241175657,-0.18535660948639787,0.2900076548952564,0.0
2012-05-03,2012,Introductory statement to the press conference (with Q&A),/press/press_conference/monetary-policy-statement/2012/html/is120503.en.html,0.3879120879120879,0.12626262626262627,-0.3787878787878788,-0.005773086212865146,0.5773086212865146,1.0,0.0,2.4288781535158455,-0.270849314208436,0.3278005228395954,-0.12416686471196794
2012-06-06,2012,Introductory statement to the press conference (with Q&A),/press/press_conference/monetary-policy-statement/2012/html/is120606.en.html,0.24282982791587,0.5578800557880056,0.1394700139470014,-0.0039240539755428195,0.39240539755428194,1.0,0.0,2.3620990471077574,-0.3563420189304741,0.2173908988247599,0.030319511691040434
2012-07-05,2012,Introductory statement to the press conference (with Q&A),/press/press_conference/monetary-policy-statement/2012/html/is120705.en.html,0.31609870740305523,1.4109347442680775,0.7054673721340388,0.03959415030362003,3.9594150303620035,1.0,0.0,2.4024834660548056,-0.4418347236525122,0.2746718357157661,0.19377201814163392
2012-08-02,2012,Introductory statement to the press conference (with Q&A),/press/press_conference/monetary-policy-statement/2012/html/is120802.en.html,0.327683615819209,2.1136063408190227,0.6605019815059445,0.13284373050254375,13.284373050254375,0.75,-0.25,2.6138507140932354,-0.6334237190685599,0.2834357815703298,0.1872098953568889
2012-09-06,2012,Introductory statement to the press conference (with Q&A),/press/press_conference/monetary-policy-statement/2012/html/is120906.en.html,0.3226452905811623,0.39164490861618795,-0.39164490861618795,0.044397154061633345,4.439715406163335,0.75,0.0,2.6079978601043274,-0.8250127144846076,0.2796337392689526,-0.10951713026199186
2012-10-04,2012,Introductory statement to the press conference (with Q&A),/press/press_conference/monetary-policy-statement/2012/html/is121004.en.html,0.327683615819209,0.9478672985781991,-0.11848341232227488,-0.003881083688790749,0.3881083688790749,0.75,0.0,2.49233639877382,-1.0166017099006552,0.2834357815703298,-0.033582438574683626
2012-11-08,2012,Introductory statement to the press conference (with Q&A),/press/press_conference/monetary-policy-statement/2012/html/is121108.en.html,0.3725296442687747,0.5722460658082975,-0.7153075822603719,-0.021208448767159816,2.1208448767159815,0.75,0.0,2.1973631642029368,-1.1835183297444967,0.3166554929069329,-0.22650607504072454
2012-12-06,2012,Introductory statement to the press conference (with Q&A),/press/press_conference/monetary-policy-statement/2012/html/is121206.en.html,0.24593301435406698,0.3901170351105332,-0.6501950585175552,0.02640034940766087,2.6400349407660872,0.75,0.0,2.2298911600743265,-1.3504349495883379,0.21988465836960316,-0.14296791831573677
2013-01-10,2013,Introductory statement to the press conference (with Q&A),/press/press_conference/monetary-policy-statement/2013/html/is130110.en.html,0.3835005574136009,0.47393364928909953,-1.263823064770932,0.030322585171339376,3.0322585171339376,0.75,0.0,1.980198019801982,-1.5173515694321793,0.3246169231458111,-0.4102583546866491
2013-02-07,2013,Introductory statement to the press conference (with Q&A),/press/press_conference/monetary-policy-statement/2013/html/is130207.en.html,0.3488636363636364,1.0294117647058822,-0.8823529411764706,-0.03594081433585247,3.5940814335852473,0.75,0.0,1.8506190919983956,-1.3634714128572274,0.2992624871374159,-0.2640551357094846
2013-03-07,2013,Introductory statement to the press conference (with Q&A),/press/press_conference/monetary-policy-statement/2013/html/is130307.en.html,0.3372093023255814,0.6631299734748011,-0.5305039787798408,0.04718101711069917,4.7181017110699175,0.75,0.0,1.7350157728706739,-1.2095912562822757,0.29058483210974234,-0.15415640960729035
2013-04-04,2013,Introductory statement to the press conference (with Q&A),/press/press_conference/monetary-policy-statement/2013/html/is130404.en.html,0.32154696132596683,0.6472491909385114,-0.16181229773462785,0.0035886614086586294,0.35886614086586294,0.75,0.0,1.1775480832133756,-1.0557110997073238,0.2788029908106509,-0.045113752558357756
2013-05-02,2013,Introductory statement to the press conference (with Q&A),/press/press_conference/monetary-policy-statement/2013/html/is130502.en.html,0.3627556512378902,1.982651796778191,0.49566294919454773,0.03890355618983922,3.890355618983922,0.75,0.0,1.414908947988991,-1.028604325666412,0.309508863890283,0.15341207627771153
2013-06-06,2013,Introductory statement to the press conference (with Q&A),/press/press_conference/monetary-policy-statement/2013/html/is130606.en.html,0.33107454017424975,1.0484927916120577,0.39318479685452157,-0.060389055589070664,6.038905558907066,0.5,-0.25,1.61269175298282,-1.0014975516255002,0.2859865409810331,0.1124455600187548
2013-07-04,2013,Introductory statement to the press conference (with Q&A),/press/press_conference/monetary-policy-statement/2013/html/is130704.en.html,0.4083424807903403,0.2828854314002829,0.0,0.023312728544904127,2.331272854490413,0.5,0.0,1.5948332674311283,-0.9743907775845884,0.3424134673556781,0.0
2013-08-01,2013,Introductory statement to the press conference (with Q&A),/press/press_conference/monetary-policy-statement/2013/html/is130801.en.html,0.4919454770755886,-0.4444444444444444,-0.7407407407407408,0.01576217964698379,1.5762179646983792,0.5,0.0,1.3392857142857206,-0.9851299707857327,0.40008095759881757,-0.29635626488801303
2013-10-02,2013,Introductory statement to the press conference (with Q&A),/press/press_conference/monetary-policy-statement/2013/html/is131002.en.html,0.4412470023980815,-1.1126564673157162,-1.52990264255911,-0.010674180587749991,1.067418058774999,0.5,0.0,0.728218465539654,-1.0066083571880213,0.3655087127364061,-0.5591927454938064
2013-11-07,2013,Introductory statement to the press conference (with Q&A),/press/press_conference/monetary-policy-statement/2013/html/is131107.en.html,0.3797338792221085,1.2672811059907834,0.3456221198156682,6.641124306352997e-05,0.006641124306352997,0.5,0.0,0.8470158978368669,-0.938593792508513,0.3218906394294696,0.1112525251484342
2013-12-05,2013,Introductory statement to the press conference (with Q&A),/press/press_conference/monetary-policy-statement/2013/html/is131205.en.html,0.4639397201291712,0.7947019867549668,0.5298013245033113,-0.05847727074871009,5.847727074871009,0.25,-0.25,0.84393663983382,-0.8705792278290048,0.3811312399162592,0.20192383571722342
2014-01-09,2014,Introductory statement to the press conference (with Q&A),/press/press_conference/monetary-policy-statement/2014/html/is140109.en.html,0.4958481613285884,-0.1394700139470014,-0.1394700139470014,0.005965273291496206,0.5965273291496206,0.25,0.0,0.7609551298871642,-0.8025646631494965,0.4026933779630641,-0.056163651040873654
2014-02-06,2014,Introductory statement to the press conference (with Q&A),/press/press_conference/monetary-policy-statement/2014/html/is140206.en.html,0.4431279620853081,0.7183908045977011,0.28735632183908044,0.021834895802266482,2.1834895802266483,0.25,0.0,0.7058823529411784,-0.8226574747546659,0.3668129536738852,0.10540602117065667
2014-03-06,2014,Introductory statement to the press conference (with Q&A),/press/press_conference/monetary-policy-statement/2014/html/is140306.en.html,0.467502850627138,0.6105006105006106,-0.1221001221001221,-0.04849792487856078,4.849792487856078,0.25,0.0,0.46511627906977715,-0.8427502863598354,0.3835622152239436,-0.04683299331183683
2014-04-03,2014,Introductory statement to the press conference (with Q&A),/press/press_conference/monetary-policy-statement/2014/html/is140403.en.html,0.4008762322015334,0.1483679525222552,-0.2967359050445104,-0.002879254973566713,0.2879254973566713,0.25,0.0,0.7112375533428139,-0.8628430979650048,0.3370979209838742,-0.10002905667177277
2014-05-08,2014,Introductory statement to the press conference (with Q&A),/press/press_conference/monetary-policy-statement/2014/html/is140508.en.html,0.4175084175084175,0.8951406649616368,0.3836317135549872,-0.022042776253326755,2.2042776253326757,0.25,0.0,0.4908926495285071,-0.804944818316263,0.3489006948796818,0.13384937143721806
2014-06-05,2014,Introductory statement to the press conference (with Q&A),/press/press_conference/monetary-policy-statement/2014/html/is140605.en.html,0.23809523809523808,2.1145374449339207,1.2334801762114538,0.005815099951415239,0.5815099951415239,0.25,0.0,0.4903225806451639,-0.747046538667521,0.21357410029805904,0.26343941886985256
2014-07-03,2014,Introductory statement to the press conference (with Q&A),/press/press_conference/monetary-policy-statement/2014/html/is140703.en.html,0.2796402289452167,0.6983240223463687,0.0,-0.0417234064618094,4.17234064618094,0.15,-0.1,0.37623248572911105,-0.6891482590187792,0.24657896728708123,0.0
2014-08-07,2014,Introductory statement to the press conference (with Q&A),/press/press_conference/monetary-policy-statement/2014/html/is140807.en.html,0.5438388625592417,0.130718954248366,-0.39215686274509803,-0.05040658015647801,5.040658015647801,0.15,0.0,0.3627882871209964,-0.6766905690856954,0.43427208252888805,-0.17030277746230904
2014-09-04,2014,Introductory statement to the press conference (with Q&A),/press/press_conference/monetary-policy-statement/2014/html/is140904.en.html,0.2792207792207792,1.477832512315271,0.8620689655172413,0.0038588370298299457,0.38588370298299457,0.15,0.0,0.3223726627981982,-0.6642328791526116,0.24625112632435933,0.21228545372789595
2014-10-02,2014,Introductory statement to the press conference (with Q&A),/press/press_conference/monetary-policy-statement/2014/html/is141002.en.html,0.36683417085427134,0.7022471910112359,-0.2808988764044944,-0.06901015839004339,6.901015839004339,0.05,-0.09999999999999999,0.37438678027370553,-0.6517751892195278,0.3124972415715049,-0.08778012403693958
2014-11-06,2014,Introductory statement to the press conference (with Q&A),/press/press_conference/monetary-policy-statement/2014/html/is141106.en.html,0.45133689839572194,-0.12987012987012986,-0.6493506493506493,0.008804365895719028,0.8804365895719029,0.05,0.0,0.28427445406382645,-0.5196451074202338,0.37248513054618215,-0.24187346139362478
2014-12-04,2014,Introductory statement to the press conference (with Q&A),/press/press_conference/monetary-policy-statement/2014/html/is141204.en.html,0.3877349159248269,1.2300123001230012,0.24600246002460024,-0.023712418242563045,2.3712418242563045,0.05,0.0,-0.16737479078150486,-0.3875150256209399,0.3276728610819895,0.0806083299094685
2015-01-22,2015,Introductory statement to the press conference (with Q&A),/press/press_conference/monetary-policy-statement/2015/html/is150122.en.html,0.26950925181013674,0.7063572149344097,-0.10090817356205853,0.08836216849190946,8.836216849190945,0.05,0.0,-0.5989583333333215,-0.255384943821646,0.23863040989510842,-0.02407975881888077
2015-03-05,2015,Introductory statement to the press conference (with Q&A),/press/press_conference/monetary-policy-statement/2015/html/is150305.en.html,0.2599364069952305,-0.847457627118644,-1.331719128329298,0.028916155934997738,2.8916155934997736,0.05,0.0,-0.06430041152264421,-0.22133430218035008,0.23106124905099515,-0.30770868517687006
2015-04-15,2015,Introductory statement to the press conference (with Q&A),/press/press_conference/monetary-policy-statement/2015/html/is150415.en.html,0.412327311370882,-1.4285714285714286,-1.8571428571428572,-0.014590317942417263,1.4590317942417264,0.05,0.0,0.20544427324089565,-0.2043089813597021,0.3452389191278657,-0.6411579926660363
2015-06-03,2015,Introductory statement to the press conference (with Q&A),/press/press_conference/monetary-policy-statement/2015/html/is150603.en.html,0.49644549763033174,-0.78125,-1.4322916666666665,-0.03286019955790073,3.2860199557900733,0.05,0.0,0.500770416024654,-0.1757429507938705,0.40309262775453397,-0.5773462116275877
2015-09-03,2015,Introductory statement to the press conference (with Q&A),/press/press_conference/monetary-policy-statement/2015/html/is150903.en.html,0.3412698412698413,0.47732696897374705,-0.11933174224343676,0.008655910471629332,0.8655910471629332,0.05,0.0,0.20565552699227663,-0.08891141222964194,0.2936168079715955,-0.0350378052472071
2015-10-22,2015,Introductory statement to the press conference (with Q&A),/press/press_conference/monetary-policy-statement/2015/html/is151022.en.html,0.44200626959247646,0.4005340453938585,-0.4005340453938585,0.05826350728102156,5.826350728102156,0.05,0.0,0.38585209003214604,-0.05263715058898555,0.3660353866982961,-0.14660963419157388
2015-12-03,2015,Introductory statement to the press conference (with Q&A),/press/press_conference/monetary-policy-statement/2015/html/is151203.en.html,0.3626062322946176,0.22805017103762829,-0.6841505131128849,-0.05411219219078938,5.411219219078938,0.05,0.0,0.24503482073767735,-0.006310377244567178,0.30939921317246444,-0.2116756304486644
2016-01-21,2016,Introductory statement to the press conference (with Q&A),/press/press_conference/monetary-policy-statement/2016/html/is160121.en.html,0.3450834879406308,0.2621231979030144,-0.7863695937090431,-0.03296078226079057,3.296078226079057,0.05,0.0,0.3143830233167444,0.016853009427642007,0.29645608394567763,-0.2331240502849365
2016-03-10,2016,Introductory statement to the press conference (with Q&A),/press/press_conference/monetary-policy-statement/2016/html/is160310.en.html,0.32791327913279134,1.5233949945593037,0.1088139281828074,0.013054909680085502,1.3054909680085502,0.05,0.0,-0.05147342684338474,-0.11721497485440344,0.28360874706414513,0.030860581835053878
2016-04-21,2016,Introductory statement to the press conference (with Q&A),/press/press_conference/monetary-policy-statement/2016/html/is160421.en.html,0.3408239700374532,-0.1422475106685633,-1.422475106685633,0.043570630714359834,4.3570630714359835,0.0,-0.05,-0.25627883136852825,-0.18424896699542614,0.2932843280004508,-0.4171896557616654
2016-06-02,2016,Introductory statement to the press conference (with Q&A),/press/press_conference/monetary-policy-statement/2016/html/is160602.en.html,0.4705240174672489,-0.37831021437578816,-1.5132408575031526,-0.016137940325253595,1.6137940325253595,0.0,0.0,0.03832886163281923,-0.12779064742905652,0.38561881173623375,-0.5835341413410852
2016-07-21,2016,Introductory statement to the press conference (with Q&A),/press/press_conference/monetary-policy-statement/2016/html/is160721.en.html,0.4983957219251337,-1.3192612137203166,-1.978891820580475,0.02397847374707708,2.397847374707708,0.0,0.0,0.16711659596349016,-0.0995614876458717,0.40439501704832004,-0.8002539915204223
2016-12-08,2016,Introductory statement to the press conference (with Q&A),/press/press_conference/monetary-policy-statement/2016/html/is161208.en.html,0.3298076923076923,-0.6402048655569782,-1.9206145966709345,0.06780812627090323,6.780812627090323,0.0,0.0,1.0935288820275169,0.5524619277716525,0.2850343395293399,-0.5474411130525093
2017-03-09,2017,Introductory statement to the press conference (with Q&A),/press/press_conference/monetary-policy-statement/2017/html/is170309.en.html,0.3758169934640523,-0.15060240963855423,-1.2048192771084338,0.011348837032415704,1.1348837032415704,0.0,0.0,1.5449980687524123,0.8876307008526633,0.3190477317300006,-0.38439485750602487
2017-10-26,2017,PRESS CONFERENCE,/press/press_conference/monetary-policy-statement/2017/html/ecb.is171026.en.html,0.2759706190975866,-1.3736263736263736,-2.0604395604395602,0.01212250373743735,1.2122503737437351,0.0,0.0,1.3766730401529648,1.832385822180349,0.24370715887191022,-0.5021438713020128
2017-12-14,2017,PRESS CONFERENCE,/press/press_conference/monetary-policy-statement/2017/html/ecb.is171214.en.html,0.4888888888888889,-2.6573426573426575,-2.5174825174825175,-0.002808779790321631,0.2808779790321631,0.0,0.0,1.3489437515907365,1.6458979623131735,0.39803012962064627,-1.0020338927512773
2018-01-25,2018,PRESS CONFERENCE,/press/press_conference/monetary-policy-statement/2018/html/ecb.is180125.en.html,0.599483204134367,-2.0989505247376314,-2.0989505247376314,-0.01439739025837606,1.439739025837606,0.0,0.0,1.2963676036452432,1.5526540323795857,0.4696805796548143,-0.9858362991255474
2018-03-08,2018,PRESS CONFERENCE,/press/press_conference/monetary-policy-statement/2018/html/ecb.is180308.en.html,0.5751295336787565,-1.4598540145985401,-1.6058394160583942,-0.01011006258538407,1.011006258538407,0.0,0.0,1.3947001394700065,1.688528768943165,0.4543375125013362,-0.7295930857685691
2018-04-26,2018,PRESS CONFERENCE,/press/press_conference/monetary-policy-statement/2018/html/ecb.is180426.en.html,0.6163101604278075,-0.5988023952095809,-1.0479041916167664,0.020290623080855025,2.0290623080855026,0.0,0.0,1.2356575463371655,1.7564661372249546,0.48014587264031544,-0.5031468725272766
2018-06-14,2018,PRESS CONFERENCE,/press/press_conference/monetary-policy-statement/2018/html/ecb.is180614.en.html,0.35431472081218274,-0.5834305717619603,-0.8168028004667445,-0.013244494517108855,1.3244494517108856,0.0,0.0,1.9667170953101332,1.6188065476700448,0.30329558530348016,-0.24773268344508298
2018-07-26,2018,PRESS CONFERENCE,/press/press_conference/monetary-policy-statement/2018/html/ecb.is180726.en.html,0.5851938895417156,-0.2915451895043732,-0.7288629737609329,-0.001909062480488547,0.1909062480488547,0.0,0.0,2.20364741641339,1.54997675289259,0.4607067276343817,-0.3357920755352636
2018-09-13,2018,PRESS CONFERENCE,/press/press_conference/monetary-policy-statement/2018/html/ecb.is180913.en.html,0.5488431876606684,-0.43731778425655976,-0.5830903790087464,0.027902302085807754,2.7902302085807755,0.0,0.0,2.0757327965782,1.733004104482679,0.4375083217463638,-0.2551068931465678
2018-10-25,2018,PRESS CONFERENCE,/press/press_conference/monetary-policy-statement/2018/html/ecb.is181025.en.html,0.6418338108882522,-0.15625,0.0,-0.00837892127070226,0.837892127070226,0.0,0.0,2.275870740601027,1.8245177802777235,0.49581379451231244,0.0
2018-12-13,2018,PRESS CONFERENCE,/press/press_conference/monetary-policy-statement/2018/html/ecb.is181213.en.html,0.5178335535006605,0.7183908045977011,0.43103448275862066,-0.04608025284253695,4.608025284253695,0.0,0.0,1.5193370165745845,2.1323758947785265,0.4172840244113069,0.1798638036255633
2019-01-24,2019,PRESS CONFERENCE,/press/press_conference/monetary-policy-statement/2019/html/ecb.is190124~cd3821f8f5.en.html,0.5539772727272727,1.9031141868512111,1.0380622837370241,0.03370411128041068,3.3704111280410682,0.0,0.0,1.38114546376078,2.286304952028928,0.4408176268238841,0.45759615241233637
2019-03-07,2019,PRESS CONFERENCE,/press/press_conference/monetary-policy-statement/2019/html/ecb.is190307~de1fdbd0b0.en.html,0.44683393070489846,2.208588957055215,1.1042944785276074,0.023316412412769858,2.331641241276986,0.0,0.0,1.4005251969488652,2.365172915586674,0.36937767306361696,0.40790172485552795
2019-04-10,2019,PRESS CONFERENCE,/press/press_conference/monetary-policy-statement/2019/html/ecb.is190410~c27197866f.en.html,0.4868571428571429,2.363367799113737,1.4771048744460855,0.028634472220138978,2.863447222013898,0.0,0.0,1.7187694607049497,2.4046068973655466,0.39666459215489086,0.5859152025921578
2019-06-06,2019,PRESS CONFERENCE,/press/press_conference/monetary-policy-statement/2019/html/ecb.is190606~32b6221806.en.html,0.41938997821350765,0.7168458781362007,0.4778972520908005,0.01045697056479373,1.045697056479373,0.0,0.0,1.2734915924826895,2.3737144433627697,0.3502271865043547,0.1673726100379234
2019-07-25,2019,PRESS CONFERENCE,/press/press_conference/monetary-policy-statement/2019/html/ecb.is190725~547f29c369.en.html,0.44562899786780386,1.0825439783491204,0.6765899864682002,-0.034323034558958014,3.432303455895801,0.0,0.0,1.016109045848812,2.358268216361381,0.3685445194941162,0.24935353145745345
2019-09-12,2019,PRESS CONFERENCE,/press/press_conference/monetary-policy-statement/2019/html/ecb.is190912~658eb51d68.en.html,0.42532146389713155,1.1995637949836424,0.8724100327153763,0.025871937571020055,2.5871937571020056,0.0,0.0,0.8380576780872451,2.1311155242984845,0.35439737697905066,0.30917982724453713
2019-10-24,2019,PRESS CONFERENCE,/press/press_conference/monetary-policy-statement/2019/html/ecb.is191024~78a5550bc1.en.html,0.49842931937172774,0.9817671809256662,0.2805049088359046,-0.00024179383394439934,0.024179383394439934,0.0,0.0,0.7253503811162965,2.017539178267036,0.40441743907572064,0.11344107687958503
2019-12-12,2019,PRESS CONFERENCE,/press/press_conference/monetary-policy-statement/2019/html/ecb.is191212~c9e1a6ab3e.en.html,0.5824561403508772,0.48721071863580995,0.3654080389768575,0.014606765717379741,1.4606765717379742,0.0,0.0,1.3358070500927743,-0.35329373444306844,0.45897815923402785,0.16771430909891394
2020-01-23,2020,PRESS CONFERENCE,/press/press_conference/monetary-policy-statement/2020/html/ecb.is200123~0bc778277b.en.html,0.5988888888888889,0.7317073170731708,0.4878048780487805,-0.029899312623983047,2.9899312623983048,0.0,0.0,1.3623297087863806,-1.5387101907981204,0.4693089435630571,0.22893119198197906
2020-03-12,2020,PRESS CONFERENCE,/press/press_conference/monetary-policy-statement/2020/html/ecb.is200312~f857a21b6c.en.html,0.20275439938791126,3.9473684210526314,2.5303643724696356,-0.3394804750082274,33.94804750082274,0.0,0.0,0.7399186089530163,-9.564726115644065,0.18461425936492992,0.46714134454688744
2020-04-30,2020,PRESS CONFERENCE,/press/press_conference/monetary-policy-statement/2020/html/ecb.is200430~ab3058e07f.en.html,0.23112892451569805,4.148660328435609,2.16076058772688,0.020238515560173764,2.023851556017376,0.0,0.0,0.3183543528835653,-13.577734078067039,0.20793157325019493,0.449290348423066
2020-06-04,2020,PRESS CONFERENCE,/press/press_conference/monetary-policy-statement/2020/html/ecb.is200604~b479b8cfff.en.html,0.3248587570621469,2.259332023575639,0.7858546168958742,0.064838669450304,6.4838669450304005,0.0,0.0,0.26858747405689165,-6.4749706071814,0.2813058553125049,0.22106550515717477
2020-07-16,2020,PRESS CONFERENCE,/press/press_conference/monetary-policy-statement/2020/html/ecb.is200716~3865f74bf8.en.html,0.41705069124423966,2.3474178403755865,0.4694835680751174,0.03771549832262314,3.7715498322623136,0.0,0.0,0.39254170755642637,-2.9235888717385805,0.348577733706113,0.16365151817188403
2020-09-10,2020,PRESS CONFERENCE,/press/press_conference/monetary-policy-statement/2020/html/ecb.is200910~5c43e3a591.en.html,0.41935483870967744,-0.29791459781529295,-1.5888778550148956,-0.0019458160194926553,0.19458160194926552,0.0,0.0,-0.3177707162063004,-2.917404300874734,0.3502024294331149,-0.556428884898693
2020-10-29,2020,PRESS CONFERENCE,/press/press_conference/monetary-policy-statement/2020/html/ecb.is201029~80b00b5789.en.html,0.39280125195618154,2.584493041749503,1.6898608349900597,0.015729455837608944,1.5729455837608943,0.0,0.0,-0.2685219089466728,-2.9143120154428104,0.33131700834865074,0.5598796363744595
2020-12-10,2020,PRESS CONFERENCE,/press/press_conference/monetary-policy-statement/2020/html/ecb.is201210~9b8e5f3cdd.en.html,0.3278580814717477,2.48868778280543,1.4328808446455505,0.018842843884960943,1.8842843884960943,0.0,0.0,-0.2807274502624191,-2.635816454726895,0.28356717898198985,0.4063179789334696
2021-01-21,2021,PRESS CONFERENCE,/press/press_conference/monetary-policy-statement/2021/html/ecb.is210121~e601112a72.en.html,0.4523312456506611,2.682701202590194,2.0351526364477337,-0.00831744370835845,0.8317443708358451,0.0,0.0,0.912453760789167,-2.4965686743689375,0.3731700209981758,0.7594579520776936
2021-03-11,2021,PRESS CONFERENCE,/press/press_conference/monetary-policy-statement/2021/html/ecb.is210311~d368d7151a.en.html,0.4643377001455604,1.6522423288749015,0.865460267505901,0.022145491026514065,2.2145491026514064,0.0,0.0,1.334312645366631,-1.313152198968896,0.3814030584373352,0.3300891929827449
2021-04-22,2021,PRESS CONFERENCE,/press/press_conference/monetary-policy-statement/2021/html/ecb.is210422~b0ad2d3414.en.html,0.4985185185185185,1.5084294587400178,0.44365572315882873,-0.008620894395716155,0.8620894395716154,0.0,0.0,1.6111314536799703,-0.721443961268875,0.40447696573527037,0.17944852073437018
2021-06-10,2021,PRESS CONFERENCE,/press/press_conference/monetary-policy-statement/2021/html/ecb.is210610~115f4c0246.en.html,0.4472182596291013,1.328125,0.0,0.006167675964883646,0.6167675964883647,0.0,0.0,1.89942773651528,0.1770689225652452,0.36964327223127935,0.0
2021-07-22,2021,PRESS CONFERENCE,/press/press_conference/monetary-policy-statement/2021/html/ecb.is210722~13e7f5e795.en.html,0.08578584846587352,0.3901170351105332,-0.7802340702210664,-0.006515520067028668,0.6515520067028667,0.0,0.0,2.162756598240456,0.6263253644823052,0.08230400912547474,-0.06421639203548095
2021-09-09,2021,PRESS CONFERENCE,/press/press_conference/monetary-policy-statement/2021/html/ecb.is210909~b2d882f724.en.html,0.2651162790697674,0.5089058524173028,-0.1272264631043257,-0.02486618795659671,2.486618795659671,0.0,0.0,3.3594899460519745,0.8857017026995706,0.2351640381683345,-0.02991908882548785
2021-10-28,2021,PRESS CONFERENCE,/press/press_conference/monetary-policy-statement/2021/html/ecb.is211028~939f22970b.en.html,0.22116301239275502,1.171303074670571,0.43923865300146414,0.01876351915804375,1.876351915804375,0.0,0.0,4.050911761106346,1.0153898718082033,0.19980369350043709,0.08776150519784938
2021-12-16,2021,PRESS CONFERENCE,/press/press_conference/monetary-policy-statement/2021/html/ecb.is211216~9abaace28e.en.html,0.01658374792703151,0.0,0.0,0.00090781076126107,0.090781076126107,0.0,0.0,4.969400244798039,1.2314134404642019,0.01644773920902596,0.0
2022-02-03,2022,PRESS CONFERENCE,/press/press_conference/monetary-policy-statement/2022/html/ecb.is220203~ca7001dec0.en.html,0.016181229773462782,0.995732574679943,0.1422475106685633,-0.0015726700443310492,0.15726700443310493,0.0,0.0,5.877332032678928,1.507939128507907,0.016051709010507904,0.002283315648720897
2022-03-10,2022,PRESS CONFERENCE,/press/press_conference/monetary-policy-statement/2022/html/ecb.is220310~1bc8c1b1ca.en.html,0.1595829991980754,2.0937188434695915,0.897308075772682,0.0105820070943017,1.05820070943017,0.0,0.0,7.44141096883304,1.6764530322236126,0.14806045703867354,0.13285584380339602
2022-04-14,2022,PRESS CONFERENCE,/press/press_conference/monetary-policy-statement/2022/html/ecb.is220414~fa5c8fe142.en.html,0.21082854799015588,3.888888888888889,3.3333333333333335,-0.020467911117270143,2.046791111727014,0.0,0.0,7.447447447447453,1.8449669359393184,0.19130487567914628,0.6376829189304877
2022-06-09,2022,PRESS CONFERENCE,/press/press_conference/monetary-policy-statement/2022/html/ecb.is220609~abe7c95b19.en.html,0.012345679012345678,0.0,0.0,-0.09635678687672974,9.635678687672975,0.0,0.0,8.639024973115061,1.87138463319787,0.012270092591814347,0.0
2022-07-21,2022,PRESS CONFERENCE,/press/press_conference/monetary-policy-statement/2022/html/ecb.is220721~51ef267c68.en.html,0.5625,0.0,0.0,0.0636134442121698,6.36134442121698,0.0,0.0,8.86257624686042,1.884593481827146,0.44628710262841953,0.0
2022-09-08,2022,PRESS CONFERENCE,/press/press_conference/monetary-policy-statement/2022/html/ecb.is220908~cd8363c58e.en.html,0.7333333333333333,0.0,0.0,0.016074075871120745,1.6074075871120745,0.5,0.5,9.928825622775816,1.5775275091013323,0.550046336919272,0.0
2022-10-27,2022,PRESS CONFERENCE,/press/press_conference/monetary-policy-statement/2022/html/ecb.is221027~358a06a35f.en.html,0.01358695652173913,3.481392557022809,2.1608643457382954,0.04171378660559654,4.171378660559654,1.25,0.75,10.621030345800996,1.4239945227384254,0.013495481474884613,0.029161904747649826
2022-12-15,2022,PRESS CONFERENCE,/press/press_conference/monetary-policy-statement/2022/html/ecb.is221215~197ac630ae.en.html,0.197428139183056,3.073967339097022,1.729106628242075,-0.01558425281016669,1.558425281016669,2.0,0.75,9.200093283582088,1.1324533672875485,0.18017603946938057,0.3115435840969117
2023-02-02,2023,PRESS CONFERENCE,/press/press_conference/monetary-policy-statement/2023/html/ecb.is230202~4313651089.en.html,0.24855072463768116,3.45821325648415,1.8251681075888568,0.027194152692611266,2.7194152692611264,2.5,0.5,8.499366578371514,0.9118404154894103,0.22198345837667924,0.4051571286413934
2023-03-16,2023,PRESS CONFERENCE,/press/press_conference/monetary-policy-statement/2023/html/ecb.is230316~6c10b087b5.en.html,0.24224072672218017,1.0526315789473684,-0.10526315789473684,-0.020432957046535555,2.0432957046535556,3.0,0.5,6.881043400044984,0.8369980414167107,0.21691678656776558,-0.02283334595450164
2023-05-04,2023,PRESS CONFERENCE,/press/press_conference/monetary-policy-statement/2023/html/ecb.is230504~f242392c72.en.html,0.233843537414966,0.22471910112359553,0.0,-0.02468473890858996,2.4684738908589963,3.5,0.5,6.098237055105882,0.6301893128336881,0.21013412442561563,0.0
2023-06-15,2023,PRESS CONFERENCE,/press/press_conference/monetary-policy-statement/2023/html/ecb.is230615~3de9d68335.en.html,0.26342710997442453,1.2833168805528135,0.4935834155972359,-0.008489141857079259,0.8489141857079259,3.75,0.25,5.510338759348876,0.4982229583233651,0.23382795720255672,0.11541360177816225
2023-07-27,2023,PRESS CONFERENCE,/press/press_conference/monetary-policy-statement/2023/html/ecb.is230727~e0a11feb2e.en.html,0.29343308395677475,1.8259935553168638,1.3963480128893664,-0.015110143195551849,1.5110143195551848,4.0,0.25,5.284552845528467,0.36625660381304215,0.25729998876365806,0.3592803280265902
2023-09-14,2023,PRESS CONFERENCE,/press/press_conference/monetary-policy-statement/2023/html/ecb.is230914~686786984a.en.html,0.3090745732255166,2.0879120879120876,1.3186813186813187,-0.018542236863660095,1.8542236863660095,4.25,0.25,4.316391496708749,0.15375379539600922,0.26932045491966,0.3551478526413099
2023-10-26,2023,PRESS CONFERENCE,/press/press_conference/monetary-policy-statement/2023/html/ecb.is231026~c23b4eb5f0.en.html,0.30642201834862387,1.956521739130435,1.5217391304347827,0.0060374040938158645,0.6037404093815865,4.5,0.25,2.8708133971291794,0.047502391187492776,0.2672921167487317,0.4067488733132874
2023-12-14,2023,PRESS CONFERENCE,/press/press_conference/monetary-policy-statement/2023/html/ecb.is231214~df8627de60.en.html,0.2907861369399831,2.3952095808383236,1.2974051896207583,0.005117138917181699,0.5117138917181698,4.5,0.0,2.904431393486373,-0.014250200075830811,0.2552514412402457,0.3311645445232728
2024-01-25,2024,PRESS CONFERENCE,/press/press_conference/monetary-policy-statement/2024/html/ecb.is240125~db0f145c32.en.html,0.302836230558097,3.4246575342465753,2.4657534246575343,0.051043497232691026,5.104349723269102,4.5,0.0,2.760834670947032,-0.04512649570749261,0.26454360379538255,0.6522992970297105
2024-03-07,2024,PRESS CONFERENCE,/press/press_conference/monetary-policy-statement/2024/html/ecb.is240307~314650bd5c.en.html,0.3501611170784103,2.420382165605096,1.2738853503184715,0.019192155788109098,1.9192155788109098,4.5,0.0,2.4090048390490226,-0.16689411618647415,0.30022393131318037,0.3824508679148795
2024-04-11,2024,PRESS CONFERENCE,/press/press_conference/monetary-policy-statement/2024/html/ecb.is240411~9974984b58.en.html,0.3474128827877508,1.101591187270502,0.7343941248470013,-0.030266479356431175,3.0266479356431173,4.5,0.0,2.3520802843403743,-0.22777792642596495,0.29818637071865695,0.21898631876523156
2024-06-06,2024,PRESS CONFERENCE,/press/press_conference/monetary-policy-statement/2024/html/ecb.is240606~d32cd6cc8a.en.html,0.31539888682745826,0.6309148264984227,0.10515247108307045,-0.013998990155063498,1.3998990155063498,4.5,0.0,2.50182424684664,-0.18480009083147544,0.27413995562313037,0.028826493756375433
2024-07-18,2024,PRESS CONFERENCE,/press/press_conference/monetary-policy-statement/2024/html/ecb.is240718~6600b4add6.en.html,0.39793038570084666,0.351288056206089,0.351288056206089,-0.03724161261026475,3.7241612610264747,4.25,-0.25,2.5774809558593237,-0.1633111730342307,0.33499284693575654,0.1176789860430058
2024-09-12,2024,PRESS CONFERENCE,/press/press_conference/monetary-policy-statement/2024/html/ecb.is240912~4f7b17040c.en.html,0.315188762071993,2.4193548387096775,1.7137096774193548,0.011203197230911696,1.1203197230911697,4.25,0.0,1.727526637012522,-0.15703358862152092,0.27398020062998263,0.4695225212408976
2024-10-17,2024,PRESS CONFERENCE,/press/press_conference/monetary-policy-statement/2024/html/ecb.is241017~59ad385bab.en.html,0.3604014598540146,1.4806378132118452,0.5694760820045558,-0.016559954751986433,1.6559954751986434,3.65,-0.6000000000000001,1.9948320413436749,-0.153894796415166,0.3077798472567776,0.17527326153575035
2024-12-12,2024,PRESS CONFERENCE,/press/press_conference/monetary-policy-statement/2024/html/ecb.is241212~ce143b3bc8.en.html,0.2866779089376054,2.1012416427889207,1.146131805157593,-0.013190819987353965,1.3190819987353966,3.4,-0.25,2.4281415378229587,-0.006335062405267905,0.25206363228673156,0.2888981458873714
2025-01-30,2025,PRESS CONFERENCE,/press/press_conference/monetary-policy-statement/2025/html/ecb.is250130~1f418aa0f4.en.html,0.42594296228150874,1.9801980198019802,0.88008800880088,0.02732112479216313,2.7321124792163127,3.15,-0.25,2.499218994064356,0.06744480459968116,0.35483332279208285,0.3122845525122841
2025-03-06,2025,PRESS CONFERENCE,/press/press_conference/monetary-policy-statement/2025/html/ecb.is250306~4307bd0941.en.html,0.32822362488728585,1.9940179461615155,0.9970089730807578,-0.03710621179624188,3.7106211796241877,2.9,-0.25,2.1674370826913147,-0.0859078555202212,0.28384242911226326,0.2829934487659654
2025-04-17,2025,PRESS CONFERENCE,/press/press_conference/monetary-policy-statement/2025/html/ecb.is250417~091c625eb6.en.html,0.26893617021276595,1.4957264957264957,0.9615384615384616,0.10825262607632535,10.825262607632535,2.65,-0.25,2.1550403431723097,-0.1625841855801724,0.23817888818647906,0.22901816171776834
2025-06-05,2025,PRESS CONFERENCE,/press/press_conference/monetary-policy-statement/2025/html/ecb.is250605~f00a36ef2b.en.html,0.3304794520547945,0.8458646616541353,0.6578947368421052,-0.028613381199038012,2.861338119903801,2.4,-0.25,1.9627783992677728,-0.2097062925095372,0.2855393675394204,0.18785484706540814
2025-07-24,2025,PRESS CONFERENCE,/press/press_conference/monetary-policy-statement/2025/html/ecb.is250724~a66e730494.en.html,0.31343283582089554,0.8547008547008548,0.3663003663003663,-0.00117919687376976,0.117919687376976,2.15,-0.25,2.0142421159715207,-0.2332673459742196,0.2726441950872404,0.09986966853012469
2025-09-11,2025,PRESS CONFERENCE,/press/press_conference/monetary-policy-statement/2025/html/ecb.is250911~a13675b834.en.html,0.37462235649546827,0.5807200929152149,0.5807200929152149,0.018911721159655767,1.8911721159655768,2.15,0.0,2.2167988610941602,-0.35078749963582584,0.3181790435738875,0.18477296374790214
2025-10-30,2025,PRESS CONFERENCE,/press/press_conference/monetary-policy-statement/2025/html/ecb.is251030~4f74dde15e.en.html,0.33024976873265494,1.2987012987012987,0.974025974025974,-0.010280344106246299,1.0280344106246297,2.15,0.0,2.0774219700040453,-0.409547576466629,0.2853667206417837,0.2779545980277114
2025-12-18,2025,PRESS CONFERENCE,/press/press_conference/monetary-policy-statement/2025/html/ecb.is251218~3a10402adb.en.html,0.2967798085291558,1.4115092290988056,0.5428881650380022,0.008011152974320698,0.8011152974320698,2.15,0.0,,,0.25988412109074915,0.14108801362147078
2026-02-05,2026,PRESS CONFERENCE,/press/press_conference/monetary-policy-statement/2026/html/ecb.is260205~50858cb986.en.html,0.3323727185398655,0.8413461538461539,0.0,,,2.15,0.0,,,0.2869613516998627,0.0
2026-03-19,2026,PRESS CONFERENCE,/press/press_conference/monetary-policy-statement/2026/html/ecb.is260319~93b1cbad97.en.html,0.2613065326633166,1.2927054478301014,0.9233610341643583,,,2.15,0.0,,,0.2321481144072915,0.21435652299842245
